Protocollo;Gruppo;DataOraIncidente;Localizzazione1;STRADA1;Localizzazione2;STRADA2;Strada02;Chilometrica;DaSpecificare;NaturaIncidente;particolaritastrade;TipoStrada;FondoStradale;Pavimentazione;Segnaletica;CondizioneAtmosferica;Traffico;Visibilita;Illuminazione;NUM_FERITI;NUM_RISERVATA;NUM_MORTI;NUM_ILLESI;Longitudine;Latitudine;Confermato;Progressivo;TipoVeicolo;StatoVeicolo;TipoPersona;Sesso;Tipolesione;Deceduto;DecedutoDopo;CinturaCascoUtilizzato;Airbag;
4029558;1;09/10/2018 18:40:00;Strada Urbana;VIA VITTORIO VENETO;in prossimità;;del civico n.;84;;Ribaltamento senza urto contro ostacolo fisso;Pendenza;Una carreggiata a doppio senso;Bagnato (pioggia);Asfaltata;Verticale ed orizzontale;Pioggia in atto;Intenso;Buona;Sufficiente;1;0;0;1;12.4895;41.9076;-1;1;Ciclomotore;In marcia / fermata / arresto;Conducente;F;Rimandato;0;NON DECEDUTO;Non accertato;
4029558;1;09/10/2018 18:40:00;Strada Urbana;VIA VITTORIO VENETO;in prossimità;;del civico n.;84;;Ribaltamento senza urto contro ostacolo fisso;Pendenza;Una carreggiata a doppio senso;Bagnato (pioggia);Asfaltata;Verticale ed orizzontale;Pioggia in atto;Intenso;Buona;Sufficiente;1;0;0;1;12.4895;41.9076;-1;2;Autovettura pubblica;In marcia / fermata / arresto;Conducente;M;Illeso;0;;Non accertato;
4029579;17;09/10/2018 22:00:00;Strada Urbana;VIA COLA DI RIENZO;all'intersezione con;VIA EZIO;VIA EZIO;;;Scontro laterale fra veicoli in marcia;Intersezione stradale segnalata;Una carreggiata a doppio senso;Asciutto;Asfaltata;Verticale ed orizzontale;Nuvoloso;Normale;Sufficiente;Sufficiente;0;0;0;2;12.4667;41.9084;-1;1;Autovettura privata;In marcia / fermata / arresto;Conducente;M;Illeso;0;;;
4029579;17;09/10/2018 22:00:00;Strada Urbana;VIA COLA DI RIENZO;all'intersezione con;VIA EZIO;VIA EZIO;;;Scontro laterale fra veicoli in marcia;Intersezione stradale segnalata;Una carreggiata a doppio senso;Asciutto;Asfaltata;Verticale ed orizzontale;Nuvoloso;Normale;Sufficiente;Sufficiente;0;0;0;2;12.4667;41.9084;-1;2;Motociclo con passeggero;In marcia / fermata / arresto;Conducente;M;Illeso;0;;;
4029580;18;09/10/2018 12:15:00;Strada Urbana;VIA DEL QUARTACCIO;all'intersezione con;VIA DEL PODERE DI S. GIUSTO;VIA DEL PODERE DI S. GIUSTO;;;Scontro frontale/laterale DX fra veicoli in marcia;Intersezione stradale segnalata;Una carreggiata a doppio senso;Asciutto;Asfaltata;Verticale ed orizzontale;Nuvoloso;Normale;Sufficiente;Ore Diurne;1;0;0;1;12.3909;41.9182;-1;1;Autovettura privata;In marcia / fermata / arresto;Conducente;M;Illeso;0;;Non accertato;Inesploso
4029580;18;09/10/2018 12:15:00;Strada Urbana;VIA DEL QUARTACCIO;all'intersezione con;VIA DEL PODERE DI S. GIUSTO;VIA DEL PODERE DI S. GIUSTO;;;Scontro frontale/laterale DX fra veicoli in marcia;Intersezione stradale segnalata;Una carreggiata a doppio senso;Asciutto;Asfaltata;Verticale ed orizzontale;Nuvoloso;Normale;Sufficiente;Ore Diurne;1;0;0;1;12.3909;41.9182;-1;2;Autovettura privata;In marcia / fermata / arresto;Conducente;F;Rimandato;0;NON DECEDUTO;Non accertato;Inesploso
4029628;6;10/10/2018 12:20:00;Strada Urbana;VIA MARIO CHIRI;in corrispondenza;;del civico n.;21;;Veicolo in marcia contro veicolo in sosta;Curva a visuale libera;Una carreggiata a senso unico di marcia;Asciutto;Asfaltata;Assente;Sereno;Scarso;Buona;Ore Diurne;0;0;0;2;12.5636;41.8957;-1;1;Autovettura privata;In marcia / fermata / arresto;Conducente;M;Illeso;0;;Non accertato;Inesploso
4029628;6;10/10/2018 12:20:00;Strada Urbana;VIA MARIO CHIRI;in corrispondenza;;del civico n.;21;;Veicolo in marcia contro veicolo in sosta;Curva a visuale libera;Una carreggiata a senso unico di marcia;Asciutto;Asfaltata;Assente;Sereno;Scarso;Buona;Ore Diurne;0;0;0;2;12.5636;41.8957;-1;1;Autovettura privata;In marcia / fermata / arresto;Passeggero;M;Illeso;0;;Non accertato;Inesploso
4029641;1;09/10/2018 19:00:00;Strada Urbana;CORSO VITTORIO EMANUELE II;in prossimità;;del civico n.;299;;Investimento di pedone;Rettilineo;Una carreggiata a doppio senso;Bagnato (umidità in atto);Asfaltata;Orizzontale;Nuvoloso;Normale;Buona;Sufficiente;0;0;0;2;;;0;;;;Pedone;M;Illeso;0;;;
4029641;1;09/10/2018 19:00:00;Strada Urbana;CORSO VITTORIO EMANUELE II;in prossimità;;del civico n.;299;;Investimento di pedone;Rettilineo;Una carreggiata a doppio senso;Bagnato (umidità in atto);Asfaltata;Orizzontale;Nuvoloso;Normale;Buona;Sufficiente;0;0;0;2;;;0;1;Motociclo a solo;In marcia / fermata / arresto;Conducente;M;Illeso;0;;Non accertato;
4029688;19;10/10/2018 09:25:00;Strada Urbana;VIA FRANCO BASAGLIA;da specificare;;;;prossimitò Via Trionfale;Investimento di pedone;Rettilineo;Una carreggiata a senso unico di marcia;Asciutto;Asfaltata;Verticale ed orizzontale;Sereno;Scarso;Buona;Ore Diurne;1;0;0;1;12.4213;41.9412;-1;;;;Pedone;M;Ricoverato;0;NON DECEDUTO;;
4029688;19;10/10/2018 09:25:00;Strada Urbana;VIA FRANCO BASAGLIA;da specificare;;;;prossimitò Via Trionfale;Investimento di pedone;Rettilineo;Una carreggiata a senso unico di marcia;Asciutto;Asfaltata;Verticale ed orizzontale;Sereno;Scarso;Buona;Ore Diurne;1;0;0;1;12.4213;41.9412;-1;1;Autovettura privata;In marcia / fermata / arresto;Conducente;M;Illeso;0;;;
4029689;18;09/10/2018 12:00:00;Strada Urbana;VIA AURELIA;da specificare;;;;KM 8,200 INTERNO PARCHEGGIO "PANORAMA";Scontro frontale fra veicoli in marcia;Rettilineo;Una carreggiata a doppio senso;Asciutto;Asfaltata;Verticale ed orizzontale;Sereno;Scarso;Buona;Ore Diurne;0;0;0;3;12.4037;41.8877;-1;1;Autovettura privata;In marcia / fermata / arresto;Conducente;M;Illeso;0;;Non accertato;Inesploso
4029689;18;09/10/2018 12:00:00;Strada Urbana;VIA AURELIA;da specificare;;;;KM 8,200 INTERNO PARCHEGGIO "PANORAMA";Scontro frontale fra veicoli in marcia;Rettilineo;Una carreggiata a doppio senso;Asciutto;Asfaltata;Verticale ed orizzontale;Sereno;Scarso;Buona;Ore Diurne;0;0;0;3;12.4037;41.8877;-1;2;Autovettura privata;In marcia / fermata / arresto;Conducente;M;Illeso;0;;Non accertato;Inesploso
4029689;18;09/10/2018 12:00:00;Strada Urbana;VIA AURELIA;da specificare;;;;KM 8,200 INTERNO PARCHEGGIO "PANORAMA";Scontro frontale fra veicoli in marcia;Rettilineo;Una carreggiata a doppio senso;Asciutto;Asfaltata;Verticale ed orizzontale;Sereno;Scarso;Buona;Ore Diurne;0;0;0;3;12.4037;41.8877;-1;2;Autovettura privata;In marcia / fermata / arresto;Passeggero;M;Illeso;0;;Non accertato;Inesploso
4029738;1;10/10/2018 08:30:00;Strada Urbana;VIA VENTIQUATTRO MAGGIO;in prossimità;;del civico n.;12;;Tamponamento Multiplo;Rettilineo;Una carreggiata a doppio senso;Asciutto;In cubetti di porfido;Verticale ed orizzontale;Sereno;Intenso;Buona;Ore Diurne;1;0;0;2;12.4869;41.8978;-1;1;Autovettura privata;In marcia / fermata / arresto;Conducente;M;Illeso;0;;Non accertato;
4029738;1;10/10/2018 08:30:00;Strada Urbana;VIA VENTIQUATTRO MAGGIO;in prossimità;;del civico n.;12;;Tamponamento Multiplo;Rettilineo;Una carreggiata a doppio senso;Asciutto;In cubetti di porfido;Verticale ed orizzontale;Sereno;Intenso;Buona;Ore Diurne;1;0;0;2;12.4869;41.8978;-1;2;Motociclo a solo;In marcia / fermata / arresto;Conducente;M;Rimandato;0;NON DECEDUTO;;
4029738;1;10/10/2018 08:30:00;Strada Urbana;VIA VENTIQUATTRO MAGGIO;in prossimità;;del civico n.;12;;Tamponamento Multiplo;Rettilineo;Una carreggiata a doppio senso;Asciutto;In cubetti di porfido;Verticale ed orizzontale;Sereno;Intenso;Buona;Ore Diurne;1;0;0;2;12.4869;41.8978;-1;3;Motociclo a solo;In marcia / fermata / arresto;Conducente;M;Illeso;0;;;
4029740;1;06/10/2018 22:05:00;Strada Urbana;PONTE SUBLICIO;all'intersezione semaforizzata con;LUNGOTEVERE AVENTINO;LUNGOTEVERE AVENTINO;;;Infortunio per sola frenata improvvisa;Intersezione semaforizzata;Una carreggiata a doppio senso;Bagnato (pioggia);Asfaltata;Verticale ed orizzontale;Nuvoloso;Scarso;Sufficiente;Sufficiente;0;0;0;2;12.4758;41.8828;-1;1;Autovettura privata;In marcia / fermata / arresto;Conducente;M;Illeso;0;;Non accertato;Inesploso
4029740;1;06/10/2018 22:05:00;Strada Urbana;PONTE SUBLICIO;all'intersezione semaforizzata con;LUNGOTEVERE AVENTINO;LUNGOTEVERE AVENTINO;;;Infortunio per sola frenata improvvisa;Intersezione semaforizzata;Una carreggiata a doppio senso;Bagnato (pioggia);Asfaltata;Verticale ed orizzontale;Nuvoloso;Scarso;Sufficiente;Sufficiente;0;0;0;2;12.4758;41.8828;-1;2;Motociclo a solo;In marcia / fermata / arresto;Conducente;M;Illeso;0;;;
4029760;1;09/10/2018 19:50:00;Strada Urbana;VIA ELENIANA;in prossimità;;del civico n.;4;;Scontro laterale fra veicoli in marcia;Curva a visuale libera;Una carreggiata a doppio senso;Asciutto;Asfaltata;Verticale ed orizzontale;Sereno;Intenso;Buona;Sufficiente;0;0;0;4;12.5149;41.8904;-1;1;Autovettura privata;In marcia / fermata / arresto;Conducente;M;Illeso;0;;Non accertato;
4029760;1;09/10/2018 19:50:00;Strada Urbana;VIA ELENIANA;in prossimità;;del civico n.;4;;Scontro laterale fra veicoli in marcia;Curva a visuale libera;Una carreggiata a doppio senso;Asciutto;Asfaltata;Verticale ed orizzontale;Sereno;Intenso;Buona;Sufficiente;0;0;0;4;12.5149;41.8904;-1;1;Autovettura privata;In marcia / fermata / arresto;Passeggero;F;Illeso;0;;Non accertato;
4029760;1;09/10/2018 19:50:00;Strada Urbana;VIA ELENIANA;in prossimità;;del civico n.;4;;Scontro laterale fra veicoli in marcia;Curva a visuale libera;Una carreggiata a doppio senso;Asciutto;Asfaltata;Verticale ed orizzontale;Sereno;Intenso;Buona;Sufficiente;0;0;0;4;12.5149;41.8904;-1;1;Autovettura privata;In marcia / fermata / arresto;Passeggero;F;Illeso;0;;Non accertato;Inesploso
4029760;1;09/10/2018 19:50:00;Strada Urbana;VIA ELENIANA;in prossimità;;del civico n.;4;;Scontro laterale fra veicoli in marcia;Curva a visuale libera;Una carreggiata a doppio senso;Asciutto;Asfaltata;Verticale ed orizzontale;Sereno;Intenso;Buona;Sufficiente;0;0;0;4;12.5149;41.8904;-1;2;Autovettura privata;In marcia / fermata / arresto;Conducente;F;Illeso;0;;Non accertato;
4029815;2;10/10/2018 09:10:00;Strada Urbana;SOTTOVIA IGNAZIO GUIDI;da specificare;;;;direz. Castro Pretorio dopo 100 mt svincolo Noment;Scontro laterale fra veicoli in marcia;Rettilineo;Una carreggiata a senso unico di marcia;Asciutto;Asfaltata;Orizzontale;Sereno;Normale;Sufficiente;Ore Diurne;1;0;0;1;12.5014;41.9096;-1;1;Motociclo a solo;In marcia / fermata / arresto;Conducente;M;Rimandato;0;NON DECEDUTO;;
4029815;2;10/10/2018 09:10:00;Strada Urbana;SOTTOVIA IGNAZIO GUIDI;da specificare;;;;direz. Castro Pretorio dopo 100 mt svincolo Noment;Scontro laterale fra veicoli in marcia;Rettilineo;Una carreggiata a senso unico di marcia;Asciutto;Asfaltata;Orizzontale;Sereno;Normale;Sufficiente;Ore Diurne;1;0;0;1;12.5014;41.9096;-1;2;Autocarro inferiore 35 q.;Allontanatosi;Conducente;M;Illeso;0;;;
4029835;20;10/10/2018 12:30:00;Regionale entro l'abitato;VIA CASSIA;in corrispondenza;;del civico n.;1711;;Tamponamento;Curva a visuale libera;Una carreggiata a doppio senso;Asciutto;Asfaltata;Verticale ed orizzontale;Sereno;Scarso;Buona;Ore Diurne;1;0;0;1;12.3793;42.0085;-1;1;Motociclo a solo;In marcia / fermata / arresto;Conducente;M;Rimandato;0;NON DECEDUTO;Non accertato;
4029835;20;10/10/2018 12:30:00;Regionale entro l'abitato;VIA CASSIA;in corrispondenza;;del civico n.;1711;;Tamponamento;Curva a visuale libera;Una carreggiata a doppio senso;Asciutto;Asfaltata;Verticale ed orizzontale;Sereno;Scarso;Buona;Ore Diurne;1;0;0;1;12.3793;42.0085;-1;2;Autovettura privata;In marcia / fermata / arresto;Conducente;F;Illeso;0;;Non accertato;Inesploso
4029860;9;10/10/2018 06:20:00;Strada Urbana;VIA TERNI;all'intersezione con;VIA FOLIGNO;VIA FOLIGNO;;;Scontro frontale/laterale DX fra veicoli in marcia;Incrocio;Due carreggiate;Asciutto;Asfaltata;Verticale ed orizzontale;Sereno;Normale;Buona;Ore Diurne;0;0;0;2;12.5187;41.8852;-1;1;Autovettura privata;In marcia / fermata / arresto;Conducente;M;Illeso;0;;Non accertato;Inesploso
4029860;9;10/10/2018 06:20:00;Strada Urbana;VIA TERNI;all'intersezione con;VIA FOLIGNO;VIA FOLIGNO;;;Scontro frontale/laterale DX fra veicoli in marcia;Incrocio;Due carreggiate;Asciutto;Asfaltata;Verticale ed orizzontale;Sereno;Normale;Buona;Ore Diurne;0;0;0;2;12.5187;41.8852;-1;2;Autovettura privata;In marcia / fermata / arresto;Conducente;M;Illeso;0;;Non accertato;Inesploso
4029869;9;10/10/2018 11:00:00;Strada Urbana;VIA ARRIGO DAVILA;in prossimità;;del civico n.;41A;;Investimento di pedone;Rettilineo;Una carreggiata a doppio senso;Asciutto;Asfaltata;Assente;Sereno;Intenso;Buona;Ore Diurne;1;0;0;1;12.5266;41.8694;-1;;;;Pedone;F;Rimandato;0;NON DECEDUTO;;
4029869;9;10/10/2018 11:00:00;Strada Urbana;VIA ARRIGO DAVILA;in prossimità;;del civico n.;41A;;Investimento di pedone;Rettilineo;Una carreggiata a doppio senso;Asciutto;Asfaltata;Assente;Sereno;Intenso;Buona;Ore Diurne;1;0;0;1;12.5266;41.8694;-1;1;Autovettura privata;In marcia / fermata / arresto;Conducente;F;Illeso;0;;Utilizzato;Inesploso
4029889;9;10/10/2018 13:15:00;Strada Urbana;VIA ALBALONGA;all'intersezione con;VIA DOMODOSSOLA;VIA DOMODOSSOLA;;;Scontro laterale fra veicoli in marcia;Incrocio;Una carreggiata a doppio senso;Asciutto;Asfaltata;Verticale ed orizzontale;Sereno;Normale;Buona;Ore Diurne;1;0;0;1;12.5134;41.88;-1;1;Autovettura privata;In marcia / fermata / arresto;Conducente;M;Illeso;0;;Non accertato;Inesploso
4029889;9;10/10/2018 13:15:00;Strada Urbana;VIA ALBALONGA;all'intersezione con;VIA DOMODOSSOLA;VIA DOMODOSSOLA;;;Scontro laterale fra veicoli in marcia;Incrocio;Una carreggiata a doppio senso;Asciutto;Asfaltata;Verticale ed orizzontale;Sereno;Normale;Buona;Ore Diurne;1;0;0;1;12.5134;41.88;-1;2;Motociclo a solo;In marcia / fermata / arresto;Conducente;M;Rimandato;0;NON DECEDUTO;Non accertato;
4029903;2;08/10/2018 18:00:00;Strada Urbana;VIALE LIBIA;all'intersezione con;PIAZZA GIMMA;PIAZZA GIMMA;;;Veicolo in marcia contro ostacolo fisso;Incrocio;Due carreggiate;Asciutto;Asfaltata;Verticale ed orizzontale;Sereno;Normale;Buona;Sufficiente;0;0;0;1;12.5185;41.9312;-1;1;Autovettura privata;In marcia / fermata / arresto;Conducente;M;Illeso;0;;;
4029910;10;10/10/2018 13:55:00;Strada Urbana;VIA CASIGNANA;da specificare;;;;fronte civico 109;Veicolo in marcia contro veicolo arresto;Rettilineo;Una carreggiata a doppio senso;Asciutto;Asfaltata;Assente;Sereno;Normale;Buona;Ore Diurne;0;0;0;2;12.6161;41.8064;-1;1;Autovettura privata;In marcia / fermata / arresto;Conducente;M;Illeso;0;;Non accertato;Inesploso
4029910;10;10/10/2018 13:55:00;Strada Urbana;VIA CASIGNANA;da specificare;;;;fronte civico 109;Veicolo in marcia contro veicolo arresto;Rettilineo;Una carreggiata a doppio senso;Asciutto;Asfaltata;Assente;Sereno;Normale;Buona;Ore Diurne;0;0;0;2;12.6161;41.8064;-1;2;Autovettura privata;In marcia / fermata / arresto;Conducente;M;Illeso;0;;Non accertato;Inesploso
4029999;6;10/10/2018 14:40:00;Strada Urbana;VIALE DELLA SERENISSIMA;da specificare;;;;altezza fronte civico 66;Tamponamento;Rettilineo;Due carreggiate;Asciutto;Asfaltata;Verticale ed orizzontale;Sereno;Normale;Buona;Ore Diurne;3;0;0;1;12.5584;41.8982;-1;1;Autovettura privata;In marcia / fermata / arresto;Conducente;F;Rimandato;0;NON DECEDUTO;Non accertato;Inesploso
4029999;6;10/10/2018 14:40:00;Strada Urbana;VIALE DELLA SERENISSIMA;da specificare;;;;altezza fronte civico 66;Tamponamento;Rettilineo;Due carreggiate;Asciutto;Asfaltata;Verticale ed orizzontale;Sereno;Normale;Buona;Ore Diurne;3;0;0;1;12.5584;41.8982;-1;1;Autovettura privata;In marcia / fermata / arresto;Passeggero;F;Rimandato;0;NON DECEDUTO;Non accertato;Inesploso
4029999;6;10/10/2018 14:40:00;Strada Urbana;VIALE DELLA SERENISSIMA;da specificare;;;;altezza fronte civico 66;Tamponamento;Rettilineo;Due carreggiate;Asciutto;Asfaltata;Verticale ed orizzontale;Sereno;Normale;Buona;Ore Diurne;3;0;0;1;12.5584;41.8982;-1;2;Autovettura privata;In marcia / fermata / arresto;Conducente;F;Rifiuta cure immediate;0;NON DECEDUTO;Non accertato;Inesploso
4029999;6;10/10/2018 14:40:00;Strada Urbana;VIALE DELLA SERENISSIMA;da specificare;;;;altezza fronte civico 66;Tamponamento;Rettilineo;Due carreggiate;Asciutto;Asfaltata;Verticale ed orizzontale;Sereno;Normale;Buona;Ore Diurne;3;0;0;1;12.5584;41.8982;-1;2;Autovettura privata;In marcia / fermata / arresto;Passeggero;M;Illeso;0;;Non accertato;Inesploso
4030027;18;09/10/2018 12:30:00;Strada Urbana;PIAZZA PIO XI;da specificare;;;;FRONTE VIA MARCELLO II (DIR. CARPEGNA);Veicolo in marcia contro ostacolo accidentale;Rettilineo;Più di due carreggiate;Asciutto;Asfaltata;Verticale ed orizzontale;Sereno;Normale;Buona;Ore Diurne;0;0;0;1;12.4386;41.895;-1;1;Motociclo a solo;In marcia / fermata / arresto;Conducente;M;Illeso;0;;;
4030037;2;10/10/2018 11:00:00;Strada Urbana;VIA PIETRO DA CORTONA;in corrispondenza;;del civico n.;1;;Veicolo in marcia contro veicolo in sosta;Rettilineo;Una carreggiata a doppio senso;Asciutto;Asfaltata;Verticale ed orizzontale;Sereno;Scarso;Buona;Ore Diurne;0;0;0;1;12.471;41.9225;-1;1;Autovettura privata;In marcia / fermata / arresto;Conducente;F;Illeso;0;;Non accertato;Inesploso
4030120;12;10/10/2018 13:50:00;Strada Urbana;VIA ALVARO DEL PORTILLO;in prossimità;;del civico n.;33;;Veicolo in marcia contro veicoli in sosta;Rettilineo;Una carreggiata a doppio senso;Asciutto;Asfaltata;Verticale ed orizzontale;Sereno;Normale;Buona;Ore Diurne;0;0;0;1;12.4703;41.7681;-1;1;Autovettura privata;In marcia / fermata / arresto;Conducente;F;Illeso;0;;Utilizzato;Inesploso
4030152;17;10/10/2018 13:15:00;Strada Urbana;VIA ANGELO EMO;all'intersezione con;VIA GIUSEPPE DI BARTOLO;VIA GIUSEPPE DI BARTOLO;;;Scontro frontale/laterale DX fra veicoli in marcia;Intersezione non regolata/non segnalata;Una carreggiata a doppio senso;Asciutto;Asfaltata;Verticale ed orizzontale;Sereno;Intenso;Buona;Ore Diurne;1;0;0;1;12.4462;41.9044;-1;1;Autovettura privata;In marcia / fermata / arresto;Conducente;M;Illeso;0;;;
4030152;17;10/10/2018 13:15:00;Strada Urbana;VIA ANGELO EMO;all'intersezione con;VIA GIUSEPPE DI BARTOLO;VIA GIUSEPPE DI BARTOLO;;;Scontro frontale/laterale DX fra veicoli in marcia;Intersezione non regolata/non segnalata;Una carreggiata a doppio senso;Asciutto;Asfaltata;Verticale ed orizzontale;Sereno;Intenso;Buona;Ore Diurne;1;0;0;1;12.4462;41.9044;-1;2;Motociclo a solo;In marcia / fermata / arresto;Conducente;M;Rimandato;0;NON DECEDUTO;;
4030263;10;10/10/2018 16:30:00;Strada Urbana;VIA PONZIO COMINIO;in corrispondenza;;del civico n.;86;;Veicolo in marcia contro veicolo in sosta;Rettilineo;Due carreggiate;Asciutto;Asfaltata;Verticale ed orizzontale;Nuvoloso;Normale;Buona;Ore Diurne;0;0;0;2;12.5597;41.8629;-1;1;Autovettura privata;In marcia / fermata / arresto;Conducente;M;Illeso;0;;Non accertato;Inesploso
4030263;10;10/10/2018 16:30:00;Strada Urbana;VIA PONZIO COMINIO;in corrispondenza;;del civico n.;86;;Veicolo in marcia contro veicolo in sosta;Rettilineo;Due carreggiate;Asciutto;Asfaltata;Verticale ed orizzontale;Nuvoloso;Normale;Buona;Ore Diurne;0;0;0;2;12.5597;41.8629;-1;1;Autovettura privata;In marcia / fermata / arresto;Passeggero;M;Illeso;0;;Non accertato;Inesistente
4030337;6;10/10/2018 17:15:00;Statale entro l'abitato;VIA CASILINA;all'intersezione con;VIA DI VILLA SERVENTI;VIA DI VILLA SERVENTI;;;Tamponamento Multiplo;Incrocio;Una carreggiata a senso unico di marcia;Asciutto;Asfaltata;Orizzontale;Sereno;Normale;Buona;Ore Diurne;1;0;0;3;12.5301;41.8848;-1;1;Autovettura privata;In marcia / fermata / arresto;Conducente;F;Illeso;0;;Non accertato;Inesploso
4030337;6;10/10/2018 17:15:00;Statale entro l'abitato;VIA CASILINA;all'intersezione con;VIA DI VILLA SERVENTI;VIA DI VILLA SERVENTI;;;Tamponamento Multiplo;Incrocio;Una carreggiata a senso unico di marcia;Asciutto;Asfaltata;Orizzontale;Sereno;Normale;Buona;Ore Diurne;1;0;0;3;12.5301;41.8848;-1;1;Autovettura privata;In marcia / fermata / arresto;Passeggero;M;Illeso;0;;Non accertato;Inesploso
4030337;6;10/10/2018 17:15:00;Statale entro l'abitato;VIA CASILINA;all'intersezione con;VIA DI VILLA SERVENTI;VIA DI VILLA SERVENTI;;;Tamponamento Multiplo;Incrocio;Una carreggiata a senso unico di marcia;Asciutto;Asfaltata;Orizzontale;Sereno;Normale;Buona;Ore Diurne;1;0;0;3;12.5301;41.8848;-1;2;Motociclo a solo;In marcia / fermata / arresto;Conducente;M;Rifiuta cure immediate;0;NON DECEDUTO;Non accertato;
4030337;6;10/10/2018 17:15:00;Statale entro l'abitato;VIA CASILINA;all'intersezione con;VIA DI VILLA SERVENTI;VIA DI VILLA SERVENTI;;;Tamponamento Multiplo;Incrocio;Una carreggiata a senso unico di marcia;Asciutto;Asfaltata;Orizzontale;Sereno;Normale;Buona;Ore Diurne;1;0;0;3;12.5301;41.8848;-1;3;Motociclo a solo;In marcia / fermata / arresto;Conducente;M;Illeso;0;;Non utilizzato;
4030340;13;10/10/2018 06:20:00;Strada Urbana;VIALE VASCO DE GAMA;all'intersezione semaforizzata con;VIA DELLE BALENIERE;VIA DELLE BALENIERE;;;Investimento di pedone;Intersezione semaforizzata;Due carreggiate;Asciutto;Asfaltata;Verticale ed orizzontale;Sereno;Scarso;Sufficiente;Sufficiente;1;0;0;1;12.2745;41.7346;-1;;;;Pedone;F;Rimandato;0;NON DECEDUTO;;
4030340;13;10/10/2018 06:20:00;Strada Urbana;VIALE VASCO DE GAMA;all'intersezione semaforizzata con;VIA DELLE BALENIERE;VIA DELLE BALENIERE;;;Investimento di pedone;Intersezione semaforizzata;Due carreggiate;Asciutto;Asfaltata;Verticale ed orizzontale;Sereno;Scarso;Sufficiente;Sufficiente;1;0;0;1;12.2745;41.7346;-1;1;Autovettura privata;In marcia / fermata / arresto;Conducente;M;Illeso;0;;Non accertato;Inesploso
4030372;15;10/10/2018 17:30:00;Strada Urbana;VIA GEROLAMO CARDANO;in corrispondenza;;del civico n.;170;;Tamponamento;Rettilineo;Una carreggiata a doppio senso;Asciutto;Asfaltata;Assente;Nuvoloso;Normale;Buona;Ore Diurne;0;0;0;4;12.4647;41.8625;-1;1;Autovettura di polizia;In marcia / fermata / arresto;Conducente;M;Illeso;0;;Non accertato;Inesploso
4030372;15;10/10/2018 17:30:00;Strada Urbana;VIA GEROLAMO CARDANO;in corrispondenza;;del civico n.;170;;Tamponamento;Rettilineo;Una carreggiata a doppio senso;Asciutto;Asfaltata;Assente;Nuvoloso;Normale;Buona;Ore Diurne;0;0;0;4;12.4647;41.8625;-1;1;Autovettura di polizia;In marcia / fermata / arresto;Passeggero;M;Illeso;0;;Non accertato;Inesploso
4030372;15;10/10/2018 17:30:00;Strada Urbana;VIA GEROLAMO CARDANO;in corrispondenza;;del civico n.;170;;Tamponamento;Rettilineo;Una carreggiata a doppio senso;Asciutto;Asfaltata;Assente;Nuvoloso;Normale;Buona;Ore Diurne;0;0;0;4;12.4647;41.8625;-1;2;Motociclo con passeggero;In marcia / fermata / arresto;Conducente;M;Illeso;0;;Non accertato;
4030372;15;10/10/2018 17:30:00;Strada Urbana;VIA GEROLAMO CARDANO;in corrispondenza;;del civico n.;170;;Tamponamento;Rettilineo;Una carreggiata a doppio senso;Asciutto;Asfaltata;Assente;Nuvoloso;Normale;Buona;Ore Diurne;0;0;0;4;12.4647;41.8625;-1;2;Motociclo con passeggero;In marcia / fermata / arresto;Passeggero;M;Illeso;0;;Non accertato;
4030386;13;10/10/2018 12:00:00;Strada Urbana;VIALE DELLA VILLA DI PLINIO;da specificare;;;;ALTEZZA P.LE C. FUSANO;Scontro frontale/laterale SX fra veicoli in marcia;Rettilineo;Una carreggiata a doppio senso;Asciutto;Asfaltata;Verticale;Sereno;Normale;Buona;Ore Diurne;0;0;0;1;12.3413;41.7148;-1;1;Autovettura privata;In marcia / fermata / arresto;Conducente;M;Illeso;0;;;
4030401;13;10/10/2018 13:40:00;Strada Urbana;VIA DI TOR BOACCIANA;da specificare;;;;ALT. VIA DEL  PONTE DI  TOR BOACCIANA;Scontro laterale fra veicoli in marcia;Rettilineo;Una carreggiata a doppio senso;Asciutto;Asfaltata;Verticale ed orizzontale;Nuvoloso;Normale;Buona;Ore Diurne;1;1;0;2;12.2896;41.7513;-1;1;Autovettura privata;In marcia / fermata / arresto;Conducente;M;Illeso;0;;Non accertato;Inesploso
4030401;13;10/10/2018 13:40:00;Strada Urbana;VIA DI TOR BOACCIANA;da specificare;;;;ALT. VIA DEL  PONTE DI  TOR BOACCIANA;Scontro laterale fra veicoli in marcia;Rettilineo;Una carreggiata a doppio senso;Asciutto;Asfaltata;Verticale ed orizzontale;Nuvoloso;Normale;Buona;Ore Diurne;1;1;0;2;12.2896;41.7513;-1;1;Autovettura privata;In marcia / fermata / arresto;Passeggero;F;Illeso;0;;Non accertato;Inesploso
4030401;13;10/10/2018 13:40:00;Strada Urbana;VIA DI TOR BOACCIANA;da specificare;;;;ALT. VIA DEL  PONTE DI  TOR BOACCIANA;Scontro laterale fra veicoli in marcia;Rettilineo;Una carreggiata a doppio senso;Asciutto;Asfaltata;Verticale ed orizzontale;Nuvoloso;Normale;Buona;Ore Diurne;1;1;0;2;12.2896;41.7513;-1;2;Motociclo a solo;In marcia / fermata / arresto;Conducente;M;Rimandato;0;NON DECEDUTO;Utilizzato;