Protocollo;Gruppo;DataOraIncidente;Localizzazione1;STRADA1;Localizzazione2;STRADA2;Strada02;Chilometrica;DaSpecificare;NaturaIncidente;particolaritastrade;TipoStrada;FondoStradale;Pavimentazione;Segnaletica;CondizioneAtmosferica;Traffico;Visibilita;Illuminazione;NUM_FERITI;NUM_RISERVATA;NUM_MORTI;NUM_ILLESI;Longitudine;Latitudine;Confermato;Progressivo;TipoVeicolo;StatoVeicolo;TipoPersona;Sesso;Tipolesione;Deceduto;DecedutoDopo;CinturaCascoUtilizzato;Airbag;
4030967;17;10/10/2018 11:45:00;Strada Urbana;VIA LEONE IV;all'intersezione con;VIA FAMAGOSTA;VIA FAMAGOSTA;;;Scontro frontale/laterale SX fra veicoli in marcia;Incrocio;Una carreggiata a doppio senso;Asciutto;Asfaltata;Verticale ed orizzontale;Sereno;Normale;Buona;Ore Diurne;0;0;0;2;12.455;41.9103;-1;2;Autovettura privata;In marcia / fermata / arresto;Conducente;F;Illeso;0;;;
4030969;19;10/10/2018 18:45:00;Strada Urbana;VIA TRIONFALE;in prossimità;;del civico n.;8610;;Scontro laterale fra veicoli in marcia;Rettilineo;Una carreggiata a senso unico di marcia;Asciutto;Asfaltata;Verticale ed orizzontale;Sereno;Normale;Buona;Ore Diurne;0;0;0;2;12.4245;41.9395;-1;1;Autovettura privata;In marcia / fermata / arresto;Conducente;M;Illeso;0;;Non accertato;Inesploso
4030969;19;10/10/2018 18:45:00;Strada Urbana;VIA TRIONFALE;in prossimità;;del civico n.;8610;;Scontro laterale fra veicoli in marcia;Rettilineo;Una carreggiata a senso unico di marcia;Asciutto;Asfaltata;Verticale ed orizzontale;Sereno;Normale;Buona;Ore Diurne;0;0;0;2;12.4245;41.9395;-1;2;Autovettura privata;In marcia / fermata / arresto;Conducente;M;Illeso;0;;Non accertato;Inesploso
4030971;13;10/10/2018 13:30:00;Strada Urbana;VIA PINDARO;da specificare;;;;pressi via C. Colombo;Tamponamento Multiplo;Rettilineo;Una carreggiata a doppio senso;Asciutto;Asfaltata;Assente;Sereno;Normale;Buona;Ore Diurne;0;0;0;8;12.3674;41.7566;-1;1;Autovettura privata;In marcia / fermata / arresto;Conducente;F;Illeso;0;;Non accertato;Inesploso
4030971;13;10/10/2018 13:30:00;Strada Urbana;VIA PINDARO;da specificare;;;;pressi via C. Colombo;Tamponamento Multiplo;Rettilineo;Una carreggiata a doppio senso;Asciutto;Asfaltata;Assente;Sereno;Normale;Buona;Ore Diurne;0;0;0;8;12.3674;41.7566;-1;1;Autovettura privata;In marcia / fermata / arresto;Passeggero;F;Illeso;0;;Non accertato;Inesploso
4030971;13;10/10/2018 13:30:00;Strada Urbana;VIA PINDARO;da specificare;;;;pressi via C. Colombo;Tamponamento Multiplo;Rettilineo;Una carreggiata a doppio senso;Asciutto;Asfaltata;Assente;Sereno;Normale;Buona;Ore Diurne;0;0;0;8;12.3674;41.7566;-1;2;Autovettura privata;In marcia / fermata / arresto;Conducente;F;Illeso;0;;Non accertato;Inesploso
4030971;13;10/10/2018 13:30:00;Strada Urbana;VIA PINDARO;da specificare;;;;pressi via C. Colombo;Tamponamento Multiplo;Rettilineo;Una carreggiata a doppio senso;Asciutto;Asfaltata;Assente;Sereno;Normale;Buona;Ore Diurne;0;0;0;8;12.3674;41.7566;-1;2;Autovettura privata;In marcia / fermata / arresto;Passeggero;F;Illeso;0;;Non accertato;Inesploso
4030971;13;10/10/2018 13:30:00;Strada Urbana;VIA PINDARO;da specificare;;;;pressi via C. Colombo;Tamponamento Multiplo;Rettilineo;Una carreggiata a doppio senso;Asciutto;Asfaltata;Assente;Sereno;Normale;Buona;Ore Diurne;0;0;0;8;12.3674;41.7566;-1;3;Autovettura privata;In marcia / fermata / arresto;Conducente;F;Illeso;0;;Non accertato;Inesploso
4030971;13;10/10/2018 13:30:00;Strada Urbana;VIA PINDARO;da specificare;;;;pressi via C. Colombo;Tamponamento Multiplo;Rettilineo;Una carreggiata a doppio senso;Asciutto;Asfaltata;Assente;Sereno;Normale;Buona;Ore Diurne;0;0;0;8;12.3674;41.7566;-1;3;Autovettura privata;In marcia / fermata / arresto;Passeggero;M;Illeso;0;;Non accertato;Inesploso
4030973;8;10/10/2018 10:10:00;Strada Urbana;VIA DELL'ARCHEOLOGIA;da specificare;;;;FRONTE CIVICO 90;Infortunio per sola frenata improvvisa;Rettilineo;Una carreggiata a doppio senso;Asciutto;Asfaltata;Verticale ed orizzontale;Sereno;Normale;Buona;Ore Diurne;2;0;0;2;12.6297;41.8787;-1;1;Autobus urbano;In marcia / fermata / arresto;Conducente;M;Illeso;0;;Non accertato;Inesploso
4030973;8;10/10/2018 10:10:00;Strada Urbana;VIA DELL'ARCHEOLOGIA;da specificare;;;;FRONTE CIVICO 90;Infortunio per sola frenata improvvisa;Rettilineo;Una carreggiata a doppio senso;Asciutto;Asfaltata;Verticale ed orizzontale;Sereno;Normale;Buona;Ore Diurne;2;0;0;2;12.6297;41.8787;-1;1;Autobus urbano;In marcia / fermata / arresto;Passeggero;F;Rifiuta cure immediate;0;NON DECEDUTO;Non accertato;Inesploso
4030973;8;10/10/2018 10:10:00;Strada Urbana;VIA DELL'ARCHEOLOGIA;da specificare;;;;FRONTE CIVICO 90;Infortunio per sola frenata improvvisa;Rettilineo;Una carreggiata a doppio senso;Asciutto;Asfaltata;Verticale ed orizzontale;Sereno;Normale;Buona;Ore Diurne;2;0;0;2;12.6297;41.8787;-1;1;Autobus urbano;In marcia / fermata / arresto;Passeggero;F;Illeso;0;;Non accertato;Inesploso
4030973;8;10/10/2018 10:10:00;Strada Urbana;VIA DELL'ARCHEOLOGIA;da specificare;;;;FRONTE CIVICO 90;Infortunio per sola frenata improvvisa;Rettilineo;Una carreggiata a doppio senso;Asciutto;Asfaltata;Verticale ed orizzontale;Sereno;Normale;Buona;Ore Diurne;2;0;0;2;12.6297;41.8787;-1;1;Autobus urbano;In marcia / fermata / arresto;Passeggero;F;Rimandato;0;NON DECEDUTO;;
4030978;20;10/10/2018;Strada Urbana;VIA DI GROTTAROSSA;da specificare;;;;parcheggio interno ospedale Sant'Andrea;Veicolo in marcia contro veicolo in sosta;Rettilineo;Una carreggiata a doppio senso;Asciutto;Asfaltata;Assente;Sereno;Scarso;Buona;Ore Diurne;0;0;0;2;12.4629;41.9744;-1;1;Autovettura privata;Sosta;Passeggero;M;Illeso;0;;Non accertato;
4030978;20;10/10/2018;Strada Urbana;VIA DI GROTTAROSSA;da specificare;;;;parcheggio interno ospedale Sant'Andrea;Veicolo in marcia contro veicolo in sosta;Rettilineo;Una carreggiata a doppio senso;Asciutto;Asfaltata;Assente;Sereno;Scarso;Buona;Ore Diurne;0;0;0;2;12.4629;41.9744;-1;2;Autovettura privata;In marcia / fermata / arresto;Conducente;F;Illeso;0;;Non accertato;
4030981;8;10/10/2018 10:00:00;;VIA DI TOR BELLA MONACA;da specificare;;;;IN PROSSIMITA' SVINCOLO TORRENOVA DIREZIONE G.R.A.;Veicolo in marcia contro ostacolo accidentale;;;;;;;;;;0;0;0;2;12.6282;41.8763;0;1;Autovettura privata;In marcia / fermata / arresto;Conducente;M;Illeso;0;;;
4030981;8;10/10/2018 10:00:00;;VIA DI TOR BELLA MONACA;da specificare;;;;IN PROSSIMITA' SVINCOLO TORRENOVA DIREZIONE G.R.A.;Veicolo in marcia contro ostacolo accidentale;;;;;;;;;;0;0;0;2;12.6282;41.8763;0;1;Autovettura privata;In marcia / fermata / arresto;Passeggero;M;Illeso;0;;;
4030984;7;10/10/2018 14:00:00;Strada Urbana;VIALE PALMIRO TOGLIATTI;in corrispondenza;;del civico n.;727;;Scontro frontale/laterale SX fra veicoli in marcia;Rettilineo;Una carreggiata a doppio senso;Asciutto;Asfaltata;Orizzontale;Nuvoloso;Normale;Buona;Ore Diurne;0;0;0;2;12.5729;41.882;-1;1;Autovettura privata;In marcia / fermata / arresto;Conducente;F;Illeso;0;;Non accertato;Inesploso
4030984;7;10/10/2018 14:00:00;Strada Urbana;VIALE PALMIRO TOGLIATTI;in corrispondenza;;del civico n.;727;;Scontro frontale/laterale SX fra veicoli in marcia;Rettilineo;Una carreggiata a doppio senso;Asciutto;Asfaltata;Orizzontale;Nuvoloso;Normale;Buona;Ore Diurne;0;0;0;2;12.5729;41.882;-1;2;Motociclo a solo;In marcia / fermata / arresto;Conducente;M;Illeso;0;;Non accertato;
4030989;8;10/10/2018 10:00:00;;VIA PRENESTINA;in prossimità;;del palo luce n.;484;;Veicolo in marcia contro ostacolo accidentale;;;;;;;;;;0;0;0;1;12.6152;41.8933;0;1;Autovettura privata;In marcia / fermata / arresto;Conducente;F;Illeso;0;;Non accertato;Inesploso
4030998;8;10/10/2018 09:00:00;;VIA DI TOR BELLA MONACA;da specificare;;;;PROSSIMITA' DELLO SVICOLO TERRANOVA DIR. G.R.A.;Veicolo in marcia contro ostacolo accidentale;;;;;;;;;;0;0;0;1;12.6282;41.8763;0;1;Autovettura privata;In marcia / fermata / arresto;Conducente;M;Illeso;0;;Non accertato;Inesploso
4031000;13;10/10/2018 17:10:00;Strada Urbana;VIA DELLE GONDOLE;in corrispondenza;;del civico n.;39;;Veicolo in marcia contro veicolo in sosta;Rettilineo;Una carreggiata a senso unico di marcia;Asciutto;Asfaltata;Verticale ed orizzontale;Nuvoloso;Normale;Buona;Ore Diurne;0;0;0;1;12.2781;41.7348;-1;1;Autovettura privata;In marcia / fermata / arresto;Conducente;F;Illeso;0;;Non accertato;Inesploso
4031002;8;10/10/2018 09:15:00;Strada Urbana;VIA DI TOR BELLA MONACA;da specificare;;;;DIR. G.R.A. ALTEZZA SVINCOLO DI VIA TORRENOVA;Veicolo in marcia contro ostacolo accidentale;Rettilineo;Due carreggiate;Asciutto;Asfaltata;Verticale ed orizzontale;Sereno;Normale;Buona;Ore Diurne;0;0;0;1;12.6282;41.8763;-1;1;Autovettura privata;In marcia / fermata / arresto;Conducente;M;Illeso;0;;Non accertato;Inesploso
4031003;19;10/10/2018 17:10:00;Strada Urbana;VIA TRIONFALE;in corrispondenza;;del civico n.;7028;;Scontro laterale fra veicoli in marcia;Rettilineo;Una carreggiata a doppio senso;Asciutto;Asfaltata;Verticale ed orizzontale;Sereno;Normale;Buona;Ore Diurne;0;0;0;2;12.4392;41.9347;-1;1;Autovettura privata;In marcia / fermata / arresto;Conducente;F;Illeso;0;;Non accertato;Inesploso
4031003;19;10/10/2018 17:10:00;Strada Urbana;VIA TRIONFALE;in corrispondenza;;del civico n.;7028;;Scontro laterale fra veicoli in marcia;Rettilineo;Una carreggiata a doppio senso;Asciutto;Asfaltata;Verticale ed orizzontale;Sereno;Normale;Buona;Ore Diurne;0;0;0;2;12.4392;41.9347;-1;2;Autovettura privata;In marcia / fermata / arresto;Conducente;F;Illeso;0;;Non accertato;Inesploso
4031005;20;10/10/2018 11:15:00;Strada Urbana;VIALE CORTINA D'AMPEZZO;da specificare;;;;fronte VIA DELLA MENDOLA;Tamponamento;Curva a visuale libera;Una carreggiata a doppio senso;Asciutto;Asfaltata;Orizzontale;Sereno;Normale;Buona;Ore Diurne;0;0;0;2;12.4514;41.952;-1;1;Autovettura privata;In marcia / fermata / arresto;Conducente;M;Illeso;0;;Non accertato;
4031005;20;10/10/2018 11:15:00;Strada Urbana;VIALE CORTINA D'AMPEZZO;da specificare;;;;fronte VIA DELLA MENDOLA;Tamponamento;Curva a visuale libera;Una carreggiata a doppio senso;Asciutto;Asfaltata;Orizzontale;Sereno;Normale;Buona;Ore Diurne;0;0;0;2;12.4514;41.952;-1;2;Autovettura privata;In marcia / fermata / arresto;Conducente;F;Illeso;0;;Non accertato;
4031010;8;10/10/2018 11:20:00;;VIA DI TOR BELLA MONACA;da specificare;;;;150 M. PRIMA SVINCOLO VIA TORRENOVA;Veicolo in marcia contro ostacolo accidentale;;;;;;;;;;0;0;0;1;12.6282;41.8763;0;1;Autovettura privata;In marcia / fermata / arresto;Conducente;F;Illeso;0;;;
4031013;8;10/10/2018 11:25:00;;VIA DI TOR BELLA MONACA;in prossimità;;del palo luce n.;26;;Veicolo in marcia contro ostacolo accidentale;;;;;;;;;;0;0;0;2;12.6282;41.8763;0;1;Autovettura privata;In marcia / fermata / arresto;Conducente;M;Illeso;0;;Non accertato;Inesploso
4031013;8;10/10/2018 11:25:00;;VIA DI TOR BELLA MONACA;in prossimità;;del palo luce n.;26;;Veicolo in marcia contro ostacolo accidentale;;;;;;;;;;0;0;0;2;12.6282;41.8763;0;1;Autovettura privata;In marcia / fermata / arresto;Passeggero;M;Illeso;0;;;
4031014;20;11/10/2018 07:40:00;Strada Urbana;VIA DELLA GIUSTINIANA;all'intersezione con;VIA VEIENTANA;VIA VEIENTANA;;;Scontro frontale/laterale DX fra veicoli in marcia;Incrocio;Una carreggiata a doppio senso;Asciutto;Asfaltata;Verticale ed orizzontale;Nuvoloso;Normale;Buona;Ore Diurne;0;0;0;5;12.4549;41.9943;-1;1;Autovettura privata;In marcia / fermata / arresto;Conducente;M;Illeso;0;;Non accertato;Inesploso
4031014;20;11/10/2018 07:40:00;Strada Urbana;VIA DELLA GIUSTINIANA;all'intersezione con;VIA VEIENTANA;VIA VEIENTANA;;;Scontro frontale/laterale DX fra veicoli in marcia;Incrocio;Una carreggiata a doppio senso;Asciutto;Asfaltata;Verticale ed orizzontale;Nuvoloso;Normale;Buona;Ore Diurne;0;0;0;5;12.4549;41.9943;-1;1;Autovettura privata;In marcia / fermata / arresto;Passeggero;M;Illeso;0;;Non accertato;Inesploso
4031014;20;11/10/2018 07:40:00;Strada Urbana;VIA DELLA GIUSTINIANA;all'intersezione con;VIA VEIENTANA;VIA VEIENTANA;;;Scontro frontale/laterale DX fra veicoli in marcia;Incrocio;Una carreggiata a doppio senso;Asciutto;Asfaltata;Verticale ed orizzontale;Nuvoloso;Normale;Buona;Ore Diurne;0;0;0;5;12.4549;41.9943;-1;1;Autovettura privata;In marcia / fermata / arresto;Passeggero;F;Illeso;0;;Non accertato;Inesploso
4031014;20;11/10/2018 07:40:00;Strada Urbana;VIA DELLA GIUSTINIANA;all'intersezione con;VIA VEIENTANA;VIA VEIENTANA;;;Scontro frontale/laterale DX fra veicoli in marcia;Incrocio;Una carreggiata a doppio senso;Asciutto;Asfaltata;Verticale ed orizzontale;Nuvoloso;Normale;Buona;Ore Diurne;0;0;0;5;12.4549;41.9943;-1;2;Autovettura privata;In marcia / fermata / arresto;Conducente;M;Illeso;0;;Non accertato;Inesploso
4031014;20;11/10/2018 07:40:00;Strada Urbana;VIA DELLA GIUSTINIANA;all'intersezione con;VIA VEIENTANA;VIA VEIENTANA;;;Scontro frontale/laterale DX fra veicoli in marcia;Incrocio;Una carreggiata a doppio senso;Asciutto;Asfaltata;Verticale ed orizzontale;Nuvoloso;Normale;Buona;Ore Diurne;0;0;0;5;12.4549;41.9943;-1;2;Autovettura privata;In marcia / fermata / arresto;Passeggero;F;Illeso;0;;Non accertato;Inesploso
4031015;4;10/10/2018 21:50:00;Strada Urbana;VIALE JONIO;in corrispondenza;;del civico n.;32;;Veicolo in marcia contro ostacolo fisso;Rettilineo;Due carreggiate;Asciutto;Asfaltata;Orizzontale;Sereno;Scarso;Buona;Sufficiente;0;0;0;1;12.5439;41.944;-1;1;Autovettura privata;In marcia / fermata / arresto;Conducente;M;Illeso;0;;;
4031019;8;10/10/2018 11:30:00;Strada Urbana;VIA DI TOR BELLA MONACA;da specificare;;;;150 MT. PRIMA SVINCOLO DI VIA TORRENOVA;Veicolo in marcia contro ostacolo accidentale;Curva senza visuale libera;Due carreggiate;Asciutto;Asfaltata;Orizzontale;Sereno;Normale;Buona;Ore Diurne;0;0;0;1;12.6282;41.8763;-1;1;Autovettura privata;In marcia / fermata / arresto;Conducente;F;Illeso;0;;;
4031025;8;10/10/2018 17:10:00;Strada Urbana;VIA ANGELO MARABINI;all'intersezione con;VIA BENEDETTO TORTI;VIA BENEDETTO TORTI;;;Scontro frontale/laterale DX fra veicoli in marcia;Incrocio;Una carreggiata a senso unico di marcia;Asciutto;Asfaltata;Verticale ed orizzontale;Nuvoloso;Normale;Buona;Ore Diurne;0;0;0;2;12.6486;41.8649;-1;1;Autovettura privata;In marcia / fermata / arresto;Conducente;F;Illeso;0;;Non accertato;Inesploso
4031025;8;10/10/2018 17:10:00;Strada Urbana;VIA ANGELO MARABINI;all'intersezione con;VIA BENEDETTO TORTI;VIA BENEDETTO TORTI;;;Scontro frontale/laterale DX fra veicoli in marcia;Incrocio;Una carreggiata a senso unico di marcia;Asciutto;Asfaltata;Verticale ed orizzontale;Nuvoloso;Normale;Buona;Ore Diurne;0;0;0;2;12.6486;41.8649;-1;2;Autovettura privata;In marcia / fermata / arresto;Conducente;F;Illeso;0;;Non accertato;Inesploso
4031028;8;10/10/2018 18:00:00;Strada Urbana;VIA CANTIANO;in prossimità;;del civico n.;78;;Scontro frontale/laterale DX fra veicoli in marcia;Rettilineo;Una carreggiata a doppio senso;Asciutto;Asfaltata;Verticale ed orizzontale;Sereno;Normale;Buona;Ore Diurne;0;0;0;2;12.7283;41.9126;-1;1;Autovettura privata;In marcia / fermata / arresto;Conducente;M;Illeso;0;;Non accertato;Inesploso
4031028;8;10/10/2018 18:00:00;Strada Urbana;VIA CANTIANO;in prossimità;;del civico n.;78;;Scontro frontale/laterale DX fra veicoli in marcia;Rettilineo;Una carreggiata a doppio senso;Asciutto;Asfaltata;Verticale ed orizzontale;Sereno;Normale;Buona;Ore Diurne;0;0;0;2;12.7283;41.9126;-1;2;Autovettura privata;In marcia / fermata / arresto;Conducente;M;Illeso;0;;Non accertato;Inesploso
4031039;8;10/10/2018 18:15:00;Strada Urbana;VIA DI TOR BELLA MONACA;da specificare;;;;IN PROSSIMITA' SVINCOLO VIA TORRENOVA;Tamponamento Multiplo;Rettilineo;Due carreggiate;Asciutto;Asfaltata;Verticale;Sereno;Intenso;Buona;Ore Diurne;1;0;0;2;12.6282;41.8763;-1;1;Autocarro inferiore 35 q.;In marcia / fermata / arresto;Conducente;M;Illeso;0;;Non accertato;Inesploso
4031039;8;10/10/2018 18:15:00;Strada Urbana;VIA DI TOR BELLA MONACA;da specificare;;;;IN PROSSIMITA' SVINCOLO VIA TORRENOVA;Tamponamento Multiplo;Rettilineo;Due carreggiate;Asciutto;Asfaltata;Verticale;Sereno;Intenso;Buona;Ore Diurne;1;0;0;2;12.6282;41.8763;-1;2;Motociclo a solo;In marcia / fermata / arresto;Conducente;M;Rimandato;0;NON DECEDUTO;Utilizzato;
4031039;8;10/10/2018 18:15:00;Strada Urbana;VIA DI TOR BELLA MONACA;da specificare;;;;IN PROSSIMITA' SVINCOLO VIA TORRENOVA;Tamponamento Multiplo;Rettilineo;Due carreggiate;Asciutto;Asfaltata;Verticale;Sereno;Intenso;Buona;Ore Diurne;1;0;0;2;12.6282;41.8763;-1;3;Autovettura privata;In marcia / fermata / arresto;Conducente;M;Illeso;0;;Non accertato;Inesploso
4031043;8;11/10/2018 01:40:00;;VIA DI TOR BELLA MONACA;da specificare;;;;50 MT DOPO PONTE ANDREONI DIR. VIA CASILINA;Veicolo in marcia contro ostacolo accidentale;;;;;;;;;;0;0;0;2;12.6282;41.8763;0;1;Autovettura privata;In marcia / fermata / arresto;Conducente;F;Illeso;0;;;
4031043;8;11/10/2018 01:40:00;;VIA DI TOR BELLA MONACA;da specificare;;;;50 MT DOPO PONTE ANDREONI DIR. VIA CASILINA;Veicolo in marcia contro ostacolo accidentale;;;;;;;;;;0;0;0;2;12.6282;41.8763;0;1;Autovettura privata;In marcia / fermata / arresto;Passeggero;M;Illeso;0;;;
4031045;5;10/10/2018 10:30:00;Strada Urbana;VIA TIBURTINA;in prossimità;;del civico n.;1210;;Scontro frontale fra veicoli in marcia;Rettilineo;Una carreggiata a doppio senso;Asciutto;Asfaltata;Verticale ed orizzontale;Sereno;Normale;Buona;Ore Diurne;0;0;0;2;12.6034;41.9337;-1;1;Autoarticolato;In marcia / fermata / arresto;Conducente;M;Illeso;0;;Non accertato;
4031045;5;10/10/2018 10:30:00;Strada Urbana;VIA TIBURTINA;in prossimità;;del civico n.;1210;;Scontro frontale fra veicoli in marcia;Rettilineo;Una carreggiata a doppio senso;Asciutto;Asfaltata;Verticale ed orizzontale;Sereno;Normale;Buona;Ore Diurne;0;0;0;2;12.6034;41.9337;-1;2;Autovettura privata;In marcia / fermata / arresto;Conducente;M;Illeso;0;;Non accertato;
4031057;5;10/10/2018 14:40:00;Strada Urbana;VIA DEI MONTI TIBURTINI;da specificare;;;;altezza civico 426;Scontro laterale fra veicoli in marcia;Rettilineo;Due carreggiate;Asciutto;Asfaltata;Verticale ed orizzontale;Sereno;Intenso;Buona;Ore Diurne;0;0;0;3;12.5509;41.9145;-1;1;Autovettura privata;In marcia / fermata / arresto;Conducente;M;Illeso;0;;Non accertato;
4031057;5;10/10/2018 14:40:00;Strada Urbana;VIA DEI MONTI TIBURTINI;da specificare;;;;altezza civico 426;Scontro laterale fra veicoli in marcia;Rettilineo;Due carreggiate;Asciutto;Asfaltata;Verticale ed orizzontale;Sereno;Intenso;Buona;Ore Diurne;0;0;0;3;12.5509;41.9145;-1;1;Autovettura privata;In marcia / fermata / arresto;Passeggero;F;Illeso;0;;Non accertato;
4031057;5;10/10/2018 14:40:00;Strada Urbana;VIA DEI MONTI TIBURTINI;da specificare;;;;altezza civico 426;Scontro laterale fra veicoli in marcia;Rettilineo;Due carreggiate;Asciutto;Asfaltata;Verticale ed orizzontale;Sereno;Intenso;Buona;Ore Diurne;0;0;0;3;12.5509;41.9145;-1;2;Autovettura privata;In marcia / fermata / arresto;Conducente;M;Illeso;0;;Non accertato;
4031061;17;10/10/2018 09:15:00;Strada Urbana;VIA GIUSEPPE DI BARTOLO;all'intersezione con;VIA ANASTASIO II;VIA ANASTASIO II;;;Scontro frontale/laterale DX fra veicoli in marcia;Intersezione stradale segnalata;Due carreggiate;Asciutto;Asfaltata;Verticale ed orizzontale;Sereno;Normale;Buona;Ore Diurne;2;0;0;2;12.4437;41.9036;-1;1;Autovettura privata;In marcia / fermata / arresto;Conducente;M;Illeso;0;;;
4031061;17;10/10/2018 09:15:00;Strada Urbana;VIA GIUSEPPE DI BARTOLO;all'intersezione con;VIA ANASTASIO II;VIA ANASTASIO II;;;Scontro frontale/laterale DX fra veicoli in marcia;Intersezione stradale segnalata;Due carreggiate;Asciutto;Asfaltata;Verticale ed orizzontale;Sereno;Normale;Buona;Ore Diurne;2;0;0;2;12.4437;41.9036;-1;1;Autovettura privata;In marcia / fermata / arresto;Passeggero;F;Illeso;0;;;
4031061;17;10/10/2018 09:15:00;Strada Urbana;VIA GIUSEPPE DI BARTOLO;all'intersezione con;VIA ANASTASIO II;VIA ANASTASIO II;;;Scontro frontale/laterale DX fra veicoli in marcia;Intersezione stradale segnalata;Due carreggiate;Asciutto;Asfaltata;Verticale ed orizzontale;Sereno;Normale;Buona;Ore Diurne;2;0;0;2;12.4437;41.9036;-1;2;Motociclo con passeggero;In marcia / fermata / arresto;Conducente;M;Rifiuta cure immediate;0;NON DECEDUTO;;
4031061;17;10/10/2018 09:15:00;Strada Urbana;VIA GIUSEPPE DI BARTOLO;all'intersezione con;VIA ANASTASIO II;VIA ANASTASIO II;;;Scontro frontale/laterale DX fra veicoli in marcia;Intersezione stradale segnalata;Due carreggiate;Asciutto;Asfaltata;Verticale ed orizzontale;Sereno;Normale;Buona;Ore Diurne;2;0;0;2;12.4437;41.9036;-1;2;Motociclo con passeggero;In marcia / fermata / arresto;Passeggero;M;Rifiuta cure immediate;0;NON DECEDUTO;;
4031104;18;10/10/2018 14:45:00;Strada Urbana;PIAZZA DI VILLA CARPEGNA;all'intersezione con;VIA DELLA MADONNA DEL RIPOSO;VIA DELLA MADONNA DEL RIPOSO;;;Veicolo in marcia contro veicolo in sosta;Intersezione stradale segnalata;Una carreggiata a senso unico di marcia;Asciutto;Asfaltata;Verticale ed orizzontale;Sereno;Normale;Buona;Ore Diurne;0;0;0;2;12.4296;41.8959;-1;1;Veicolo speciale;In marcia / fermata / arresto;Conducente;M;Illeso;0;;;
4031104;18;10/10/2018 14:45:00;Strada Urbana;PIAZZA DI VILLA CARPEGNA;all'intersezione con;VIA DELLA MADONNA DEL RIPOSO;VIA DELLA MADONNA DEL RIPOSO;;;Veicolo in marcia contro veicolo in sosta;Intersezione stradale segnalata;Una carreggiata a senso unico di marcia;Asciutto;Asfaltata;Verticale ed orizzontale;Sereno;Normale;Buona;Ore Diurne;0;0;0;2;12.4296;41.8959;-1;1;Veicolo speciale;In marcia / fermata / arresto;Passeggero;M;Illeso;0;;;
4031116;18;09/10/2018 13:40:00;Strada Urbana;VIA LEONE XIII;in prossimità;;del civico n.;331;;Veicolo in marcia contro veicoli in sosta;Rettilineo;Una carreggiata a senso unico di marcia;Asciutto;Asfaltata;Assente;Sereno;Normale;Buona;Ore Diurne;1;0;0;0;12.4382;41.8911;-1;1;Autovettura privata;In marcia / fermata / arresto;Conducente;M;Rimandato;0;NON DECEDUTO;Non accertato;Inesploso
4031130;1;10/10/2018 15:00:00;Strada Urbana;VIA LUDOVISI;all'intersezione con;VIA CADORE;VIA CADORE;;;Scontro laterale fra veicoli in marcia;Incrocio;Una carreggiata a senso unico di marcia;Asciutto;Asfaltata;Verticale ed orizzontale;Sereno;Normale;Buona;Ore Diurne;0;0;0;2;12.4879;41.9068;-1;1;Autovettura privata;In marcia / fermata / arresto;Conducente;M;Illeso;0;;Non accertato;
4031130;1;10/10/2018 15:00:00;Strada Urbana;VIA LUDOVISI;all'intersezione con;VIA CADORE;VIA CADORE;;;Scontro laterale fra veicoli in marcia;Incrocio;Una carreggiata a senso unico di marcia;Asciutto;Asfaltata;Verticale ed orizzontale;Sereno;Normale;Buona;Ore Diurne;0;0;0;2;12.4879;41.9068;-1;2;Autovettura privata;In marcia / fermata / arresto;Conducente;F;Illeso;0;;Non accertato;
4031132;19;10/10/2018 22:30:00;Strada Urbana;VIA MARZIALE;in corrispondenza;;del civico n.;7/d;;Infortunio per sola frenata improvvisa;Rettilineo;Una carreggiata a senso unico di marcia;Asciutto;Asfaltata;Verticale ed orizzontale;Sereno;Scarso;Buona;Sufficiente;1;0;0;1;12.4432;41.912;-1;;;;Pedone;F;Illeso;0;;;
4031132;19;10/10/2018 22:30:00;Strada Urbana;VIA MARZIALE;in corrispondenza;;del civico n.;7/d;;Infortunio per sola frenata improvvisa;Rettilineo;Una carreggiata a senso unico di marcia;Asciutto;Asfaltata;Verticale ed orizzontale;Sereno;Scarso;Buona;Sufficiente;1;0;0;1;12.4432;41.912;-1;1;Motociclo a solo;In marcia / fermata / arresto;Conducente;M;Rimandato;0;NON DECEDUTO;;
4031133;6;11/10/2018 08:40:00;Strada Urbana;VIA ROMOLO TRINCHIERI;da specificare;;;;altezza F.C. 11 ;Veicolo in marcia contro veicolo fermo;Rettilineo;Una carreggiata a doppio senso;Asciutto;Asfaltata;Verticale;Nuvoloso;Scarso;Buona;Ore Diurne;0;0;0;3;12.5606;41.8879;-1;1;Autovettura privata;In marcia / fermata / arresto;Conducente;M;Illeso;0;;Non accertato;Inesploso
4031133;6;11/10/2018 08:40:00;Strada Urbana;VIA ROMOLO TRINCHIERI;da specificare;;;;altezza F.C. 11 ;Veicolo in marcia contro veicolo fermo;Rettilineo;Una carreggiata a doppio senso;Asciutto;Asfaltata;Verticale;Nuvoloso;Scarso;Buona;Ore Diurne;0;0;0;3;12.5606;41.8879;-1;2;Autovettura privata;In marcia / fermata / arresto;Conducente;M;Illeso;0;;Non accertato;Inesploso