Protocollo;Gruppo;DataOraIncidente;Localizzazione1;STRADA1;Localizzazione2;STRADA2;Strada02;Chilometrica;DaSpecificare;NaturaIncidente;particolaritastrade;TipoStrada;FondoStradale;Pavimentazione;Segnaletica;CondizioneAtmosferica;Traffico;Visibilita;Illuminazione;NUM_FERITI;NUM_RISERVATA;NUM_MORTI;NUM_ILLESI;Longitudine;Latitudine;Confermato;Progressivo;TipoVeicolo;StatoVeicolo;TipoPersona;Sesso;Tipolesione;Deceduto;DecedutoDopo;CinturaCascoUtilizzato;Airbag;
4032785;17;11/10/2018 16:00:00;Strada Urbana;VIALE DELLE MILIZIE;all'intersezione con;VIA ANGELO BROFFERIO;VIA ANGELO BROFFERIO;;;Scontro laterale fra veicoli in marcia;Intersezione stradale segnalata;Più di due carreggiate;Bagnato (pioggia);Asfaltata;Verticale ed orizzontale;Pioggia in atto;Normale;Buona;Ore Diurne;0;0;0;3;12.4632;41.9125;-1;1;Autocarro inferiore 35 q.;In marcia / fermata / arresto;Conducente;M;Illeso;0;;;
4032785;17;11/10/2018 16:00:00;Strada Urbana;VIALE DELLE MILIZIE;all'intersezione con;VIA ANGELO BROFFERIO;VIA ANGELO BROFFERIO;;;Scontro laterale fra veicoli in marcia;Intersezione stradale segnalata;Più di due carreggiate;Bagnato (pioggia);Asfaltata;Verticale ed orizzontale;Pioggia in atto;Normale;Buona;Ore Diurne;0;0;0;3;12.4632;41.9125;-1;1;Autocarro inferiore 35 q.;In marcia / fermata / arresto;Passeggero;M;Illeso;0;;;
4032785;17;11/10/2018 16:00:00;Strada Urbana;VIALE DELLE MILIZIE;all'intersezione con;VIA ANGELO BROFFERIO;VIA ANGELO BROFFERIO;;;Scontro laterale fra veicoli in marcia;Intersezione stradale segnalata;Più di due carreggiate;Bagnato (pioggia);Asfaltata;Verticale ed orizzontale;Pioggia in atto;Normale;Buona;Ore Diurne;0;0;0;3;12.4632;41.9125;-1;2;Autobus turistico;In marcia / fermata / arresto;Conducente;M;Illeso;0;;;
4032802;20;11/10/2018 17:00:00;Strada Urbana;VIA CASSIA;in prossimità;;del civico n.;686;;Scontro frontale/laterale DX fra veicoli in marcia;Rettilineo;Una carreggiata a doppio senso;Bagnato (pioggia);Asfaltata;Orizzontale;Pioggia in atto;Intenso;Sufficiente;Ore Diurne;1;0;0;2;12.4456;41.9643;-1;1;Autovettura privata;In marcia / fermata / arresto;Conducente;M;Illeso;0;;Non accertato;
4032802;20;11/10/2018 17:00:00;Strada Urbana;VIA CASSIA;in prossimità;;del civico n.;686;;Scontro frontale/laterale DX fra veicoli in marcia;Rettilineo;Una carreggiata a doppio senso;Bagnato (pioggia);Asfaltata;Orizzontale;Pioggia in atto;Intenso;Sufficiente;Ore Diurne;1;0;0;2;12.4456;41.9643;-1;1;Autovettura privata;In marcia / fermata / arresto;Passeggero;F;Illeso;0;;Non accertato;
4032802;20;11/10/2018 17:00:00;Strada Urbana;VIA CASSIA;in prossimità;;del civico n.;686;;Scontro frontale/laterale DX fra veicoli in marcia;Rettilineo;Una carreggiata a doppio senso;Bagnato (pioggia);Asfaltata;Orizzontale;Pioggia in atto;Intenso;Sufficiente;Ore Diurne;1;0;0;2;12.4456;41.9643;-1;2;Motociclo a solo;In marcia / fermata / arresto;Conducente;M;Rimandato;0;NON DECEDUTO;Non accertato;
4032803;5;11/10/2018 08:45:00;Strada Urbana;VIA TIBURTINA;all'intersezione semaforizzata con;VIA DI PIETRALATA;VIA DI PIETRALATA;;;Scontro laterale fra veicoli in marcia;Incrocio;Due carreggiate;Asciutto;Asfaltata;Verticale ed orizzontale;Nuvoloso;Intenso;Buona;Ore Diurne;0;0;0;2;12.5559;41.9131;-1;1;Autovettura privata;In marcia / fermata / arresto;Conducente;M;Illeso;0;;Non accertato;Inesploso
4032803;5;11/10/2018 08:45:00;Strada Urbana;VIA TIBURTINA;all'intersezione semaforizzata con;VIA DI PIETRALATA;VIA DI PIETRALATA;;;Scontro laterale fra veicoli in marcia;Incrocio;Due carreggiate;Asciutto;Asfaltata;Verticale ed orizzontale;Nuvoloso;Intenso;Buona;Ore Diurne;0;0;0;2;12.5559;41.9131;-1;2;Autocarro inferiore 35 q.;In marcia / fermata / arresto;Conducente;M;Illeso;0;;Non accertato;Inesploso
4032804;19;11/10/2018 18:30:00;Strada Urbana;VIA DI TORREVECCHIA;in corrispondenza;;del civico n.;298;;Tamponamento;Rettilineo;Una carreggiata a doppio senso;Bagnato (pioggia);Asfaltata;Orizzontale;Pioggia in atto;Intenso;Buona;Sufficiente;0;0;0;4;12.4159;41.9274;-1;1;Autovettura privata;In marcia / fermata / arresto;Conducente;M;Illeso;0;;Non accertato;
4032804;19;11/10/2018 18:30:00;Strada Urbana;VIA DI TORREVECCHIA;in corrispondenza;;del civico n.;298;;Tamponamento;Rettilineo;Una carreggiata a doppio senso;Bagnato (pioggia);Asfaltata;Orizzontale;Pioggia in atto;Intenso;Buona;Sufficiente;0;0;0;4;12.4159;41.9274;-1;1;Autovettura privata;In marcia / fermata / arresto;Passeggero;M;Illeso;0;;Non accertato;
4032804;19;11/10/2018 18:30:00;Strada Urbana;VIA DI TORREVECCHIA;in corrispondenza;;del civico n.;298;;Tamponamento;Rettilineo;Una carreggiata a doppio senso;Bagnato (pioggia);Asfaltata;Orizzontale;Pioggia in atto;Intenso;Buona;Sufficiente;0;0;0;4;12.4159;41.9274;-1;2;Autovettura privata;In marcia / fermata / arresto;Conducente;M;Illeso;0;;Non accertato;Inesploso
4032804;19;11/10/2018 18:30:00;Strada Urbana;VIA DI TORREVECCHIA;in corrispondenza;;del civico n.;298;;Tamponamento;Rettilineo;Una carreggiata a doppio senso;Bagnato (pioggia);Asfaltata;Orizzontale;Pioggia in atto;Intenso;Buona;Sufficiente;0;0;0;4;12.4159;41.9274;-1;2;Autovettura privata;In marcia / fermata / arresto;Passeggero;M;Illeso;0;;Non accertato;Inesploso
4032807;17;11/10/2018 22:25:00;Strada Urbana;PIAZZA DELLE CINQUE GIORNATE;da specificare;;;;ALTEZZA LUNGOTEVERE MICHELANGELO;Scontro laterale fra veicoli in marcia;Rettilineo;Una carreggiata a senso unico di marcia;Bagnato (umidità in atto);Asfaltata;Verticale ed orizzontale;Nuvoloso;Normale;Buona;Sufficiente;2;0;0;1;12.4695;41.9141;-1;1;Autovettura privata;In marcia / fermata / arresto;Conducente;M;Rimandato;0;NON DECEDUTO;;
4032807;17;11/10/2018 22:25:00;Strada Urbana;PIAZZA DELLE CINQUE GIORNATE;da specificare;;;;ALTEZZA LUNGOTEVERE MICHELANGELO;Scontro laterale fra veicoli in marcia;Rettilineo;Una carreggiata a senso unico di marcia;Bagnato (umidità in atto);Asfaltata;Verticale ed orizzontale;Nuvoloso;Normale;Buona;Sufficiente;2;0;0;1;12.4695;41.9141;-1;2;Autovettura privata;In marcia / fermata / arresto;Conducente;M;Illeso;0;;;
4032807;17;11/10/2018 22:25:00;Strada Urbana;PIAZZA DELLE CINQUE GIORNATE;da specificare;;;;ALTEZZA LUNGOTEVERE MICHELANGELO;Scontro laterale fra veicoli in marcia;Rettilineo;Una carreggiata a senso unico di marcia;Bagnato (umidità in atto);Asfaltata;Verticale ed orizzontale;Nuvoloso;Normale;Buona;Sufficiente;2;0;0;1;12.4695;41.9141;-1;2;Autovettura privata;In marcia / fermata / arresto;Passeggero;F;Rimandato;0;NON DECEDUTO;;
4032834;11;11/10/2018 18:00:00;Strada Urbana;VIALE ALDO BALLARIN;da specificare;;;;altezza INPS;Veicolo in marcia contro veicolo in sosta;Rettilineo;Una carreggiata a doppio senso;Bagnato (pioggia);Asfaltata;Orizzontale;Pioggia in atto;Scarso;Buona;Ore Diurne;0;0;0;1;12.4935;41.8392;-1;1;Autovettura privata;In marcia / fermata / arresto;Conducente;F;Illeso;0;;;
4032841;5;11/10/2018 11:35:00;Strada Urbana;VIA CORINALDO;all'intersezione con;VIA CAGLI;VIA CAGLI;;;Scontro frontale/laterale DX fra veicoli in marcia;Incrocio;Una carreggiata a senso unico di marcia;Asciutto;Asfaltata;Verticale;Nuvoloso;Scarso;Buona;Ore Diurne;0;0;0;2;12.5846;41.9371;-1;1;Veicolo speciale;In marcia / fermata / arresto;Conducente;M;Illeso;0;;Non accertato;Inesploso
4032841;5;11/10/2018 11:35:00;Strada Urbana;VIA CORINALDO;all'intersezione con;VIA CAGLI;VIA CAGLI;;;Scontro frontale/laterale DX fra veicoli in marcia;Incrocio;Una carreggiata a senso unico di marcia;Asciutto;Asfaltata;Verticale;Nuvoloso;Scarso;Buona;Ore Diurne;0;0;0;2;12.5846;41.9371;-1;2;Autovettura privata;In marcia / fermata / arresto;Conducente;F;Illeso;0;;Non accertato;Inesploso
4032846;13;11/10/2018 09:00:00;Strada Urbana;VIA ERMANNO WOLF FERRARI;all'intersezione con;VIA ALBERTO FRANCHETTI;VIA ALBERTO FRANCHETTI;;;Scontro frontale/laterale DX fra veicoli in marcia;Incrocio;Una carreggiata a doppio senso;Asciutto;Asfaltata;Orizzontale;Nuvoloso;Normale;Buona;Ore Diurne;0;0;0;2;12.3779;41.7482;-1;1;Autovettura privata;In marcia / fermata / arresto;Conducente;F;Illeso;0;;Non accertato;Inesploso
4032846;13;11/10/2018 09:00:00;Strada Urbana;VIA ERMANNO WOLF FERRARI;all'intersezione con;VIA ALBERTO FRANCHETTI;VIA ALBERTO FRANCHETTI;;;Scontro frontale/laterale DX fra veicoli in marcia;Incrocio;Una carreggiata a doppio senso;Asciutto;Asfaltata;Orizzontale;Nuvoloso;Normale;Buona;Ore Diurne;0;0;0;2;12.3779;41.7482;-1;2;Autovettura privata;In marcia / fermata / arresto;Conducente;F;Illeso;0;;Non accertato;Inesploso
4032850;20;11/10/2018 14:30:00;Strada Urbana;VIALE DI TOR DI QUINTO;da specificare;;;;prossimità Via Civita Castellana;Scontro laterale fra veicoli in marcia;Rettilineo;Una carreggiata a doppio senso;Bagnato (pioggia);Asfaltata;Verticale ed orizzontale;Pioggia in atto;Normale;Buona;Ore Diurne;1;0;0;1;12.4828;41.942;-1;1;Quadriciclo leggero;In marcia / fermata / arresto;Conducente;M;Illeso;0;;Non accertato;Inesploso
4032850;20;11/10/2018 14:30:00;Strada Urbana;VIALE DI TOR DI QUINTO;da specificare;;;;prossimità Via Civita Castellana;Scontro laterale fra veicoli in marcia;Rettilineo;Una carreggiata a doppio senso;Bagnato (pioggia);Asfaltata;Verticale ed orizzontale;Pioggia in atto;Normale;Buona;Ore Diurne;1;0;0;1;12.4828;41.942;-1;2;Motociclo a solo;In marcia / fermata / arresto;Conducente;M;Rimandato;0;NON DECEDUTO;Non accertato;
4032851;13;11/10/2018 09:00:00;Strada Urbana;VIA DELLE BALENIERE;in prossimità;;del civico n.;145;;Veicolo in marcia contro veicolo in sosta;Rettilineo;Una carreggiata a doppio senso;Asciutto;Asfaltata;Verticale;Nuvoloso;Normale;Buona;Ore Diurne;0;0;0;1;12.2796;41.7387;-1;1;Autovettura privata;In marcia / fermata / arresto;Conducente;M;Illeso;0;;Non accertato;Inesploso
4032854;20;11/10/2018 23:45:00;Strada Urbana;CORSO DI FRANCIA;da specificare;;;;in prossimità di Via Gosio;Investimento di pedone;Rettilineo;Una carreggiata a senso unico di marcia;Bagnato (umidità in atto);Asfaltata;Verticale ed orizzontale;Nuvoloso;Scarso;Buona;Sufficiente;1;0;0;1;12.4717;41.9367;-1;;;;Pedone;M;Rimandato;0;NON DECEDUTO;;
4032854;20;11/10/2018 23:45:00;Strada Urbana;CORSO DI FRANCIA;da specificare;;;;in prossimità di Via Gosio;Investimento di pedone;Rettilineo;Una carreggiata a senso unico di marcia;Bagnato (umidità in atto);Asfaltata;Verticale ed orizzontale;Nuvoloso;Scarso;Buona;Sufficiente;1;0;0;1;12.4717;41.9367;-1;1;Autovettura privata;In marcia / fermata / arresto;Conducente;M;Illeso;0;;Non accertato;
4032868;5;11/10/2018 18:15:00;Strada Urbana;VIA DEI MONTI TIBURTINI;in prossimità;;del civico n.;760;;Tamponamento;Rettilineo;Due carreggiate;Bagnato (umidità in atto);Asfaltata;Verticale ed orizzontale;Nuvoloso;Normale;Buona;Sufficiente;0;0;0;2;12.553;41.913;-1;1;Autovettura privata;In marcia / fermata / arresto;Conducente;F;Illeso;0;;Non accertato;
4032868;5;11/10/2018 18:15:00;Strada Urbana;VIA DEI MONTI TIBURTINI;in prossimità;;del civico n.;760;;Tamponamento;Rettilineo;Due carreggiate;Bagnato (umidità in atto);Asfaltata;Verticale ed orizzontale;Nuvoloso;Normale;Buona;Sufficiente;0;0;0;2;12.553;41.913;-1;2;Autocarro inferiore 35 q.;In marcia / fermata / arresto;Conducente;M;Illeso;0;;Non accertato;
4032892;5;12/10/2018 05:50:00;Strada Urbana;VIA TIBURTINA;da specificare;;;;300 MT PRIMA DEL GRA DIR. ROMA CENTRO;Scontro laterale fra veicoli in marcia;Rettilineo;Due carreggiate;Asciutto;Asfaltata;Verticale ed orizzontale;Sereno;Normale;Buona;Sufficiente;0;0;0;2;12.6003;41.9332;-1;1;Autovettura privata;In marcia / fermata / arresto;Conducente;M;Illeso;0;;Non accertato;Inesploso
4032892;5;12/10/2018 05:50:00;Strada Urbana;VIA TIBURTINA;da specificare;;;;300 MT PRIMA DEL GRA DIR. ROMA CENTRO;Scontro laterale fra veicoli in marcia;Rettilineo;Due carreggiate;Asciutto;Asfaltata;Verticale ed orizzontale;Sereno;Normale;Buona;Sufficiente;0;0;0;2;12.6003;41.9332;-1;2;Autocarro superiore 35 q.;In marcia / fermata / arresto;Conducente;M;Illeso;0;;Non accertato;Inesploso
4032912;3;11/10/2018 19:00:00;Strada Urbana;VIALE REGINA ELENA;da specificare;;;;altezza civico 293;Investimento di pedone;Pendenza;Una carreggiata a doppio senso;Bagnato (pioggia);Asfaltata;Verticale ed orizzontale;Pioggia in atto;Normale;Sufficiente;Sufficiente;2;0;0;0;12.517;41.9047;-1;;;;Pedone;M;Ricoverato;0;NON DECEDUTO;;
4032912;3;11/10/2018 19:00:00;Strada Urbana;VIALE REGINA ELENA;da specificare;;;;altezza civico 293;Investimento di pedone;Pendenza;Una carreggiata a doppio senso;Bagnato (pioggia);Asfaltata;Verticale ed orizzontale;Pioggia in atto;Normale;Sufficiente;Sufficiente;2;0;0;0;12.517;41.9047;-1;1;Motociclo a solo;In marcia / fermata / arresto;Conducente;M;Ricoverato;0;NON DECEDUTO;;
4032920;20;11/10/2018 14:50:00;Strada Urbana;VIA DEL FORO ITALICO;da specificare;;;;altezza rampa via A. S. Giuliano dir. Salaria ;Scontro laterale fra veicoli in marcia;Rettilineo;Due carreggiate;Bagnato (pioggia);Asfaltata;Verticale ed orizzontale;Pioggia in atto;Normale;Buona;Ore Diurne;0;0;0;2;12.4828;41.94;-1;1;Autovettura privata;In marcia / fermata / arresto;Conducente;F;Illeso;0;;Non accertato;
4032920;20;11/10/2018 14:50:00;Strada Urbana;VIA DEL FORO ITALICO;da specificare;;;;altezza rampa via A. S. Giuliano dir. Salaria ;Scontro laterale fra veicoli in marcia;Rettilineo;Due carreggiate;Bagnato (pioggia);Asfaltata;Verticale ed orizzontale;Pioggia in atto;Normale;Buona;Ore Diurne;0;0;0;2;12.4828;41.94;-1;2;Ciclomotore;In marcia / fermata / arresto;Conducente;M;Illeso;0;;Non accertato;
4032922;13;11/10/2018 14:15:00;Strada Urbana;VIALE PRASSILLA;in prossimità;;del civico n.;104;;Scontro frontale/laterale SX fra veicoli in marcia;Rettilineo;Due carreggiate;Bagnato (pioggia);Asfaltata;Verticale ed orizzontale;Pioggia in atto;Normale;Buona;Ore Diurne;1;0;0;4;12.3581;41.7526;-1;1;Autovettura privata;In marcia / fermata / arresto;Conducente;M;Illeso;0;;Non accertato;Esploso
4032922;13;11/10/2018 14:15:00;Strada Urbana;VIALE PRASSILLA;in prossimità;;del civico n.;104;;Scontro frontale/laterale SX fra veicoli in marcia;Rettilineo;Due carreggiate;Bagnato (pioggia);Asfaltata;Verticale ed orizzontale;Pioggia in atto;Normale;Buona;Ore Diurne;1;0;0;4;12.3581;41.7526;-1;2;Autovettura privata;In marcia / fermata / arresto;Conducente;F;Rifiuta cure immediate;0;NON DECEDUTO;Non accertato;Inesploso
4032922;13;11/10/2018 14:15:00;Strada Urbana;VIALE PRASSILLA;in prossimità;;del civico n.;104;;Scontro frontale/laterale SX fra veicoli in marcia;Rettilineo;Due carreggiate;Bagnato (pioggia);Asfaltata;Verticale ed orizzontale;Pioggia in atto;Normale;Buona;Ore Diurne;1;0;0;4;12.3581;41.7526;-1;2;Autovettura privata;In marcia / fermata / arresto;Passeggero;F;Illeso;0;;Non accertato;Inesploso
4032922;13;11/10/2018 14:15:00;Strada Urbana;VIALE PRASSILLA;in prossimità;;del civico n.;104;;Scontro frontale/laterale SX fra veicoli in marcia;Rettilineo;Due carreggiate;Bagnato (pioggia);Asfaltata;Verticale ed orizzontale;Pioggia in atto;Normale;Buona;Ore Diurne;1;0;0;4;12.3581;41.7526;-1;2;Autovettura privata;In marcia / fermata / arresto;Passeggero;F;Illeso;0;;Non accertato;Inesploso
4032922;13;11/10/2018 14:15:00;Strada Urbana;VIALE PRASSILLA;in prossimità;;del civico n.;104;;Scontro frontale/laterale SX fra veicoli in marcia;Rettilineo;Due carreggiate;Bagnato (pioggia);Asfaltata;Verticale ed orizzontale;Pioggia in atto;Normale;Buona;Ore Diurne;1;0;0;4;12.3581;41.7526;-1;3;Autovettura privata;In marcia / fermata / arresto;Conducente;F;Illeso;0;;Non accertato;Inesploso
4032930;20;12/10/2018 02:15:00;Strada Urbana;VIALE DI TOR DI QUINTO;da specificare;;;;altezza palo ACEA n. 57;Veicolo in marcia contro ostacolo fisso;Rettilineo;Una carreggiata a doppio senso;Bagnato (umidità in atto);Asfaltata;Verticale ed orizzontale;Nuvoloso;Scarso;Buona;Sufficiente;1;0;0;0;12.478;41.9436;-1;1;Autovettura privata;In marcia / fermata / arresto;Conducente;F;Rimandato;0;NON DECEDUTO;Non accertato;Inesploso
4032931;7;11/10/2018 20:05:00;Strada Urbana;VIA DEI CICLAMINI;all'intersezione con;VIA FEDERICO DELPINO;VIA FEDERICO DELPINO;;;Scontro frontale/laterale DX fra veicoli in marcia;Intersezione stradale segnalata;Una carreggiata a doppio senso;Bagnato (pioggia);Asfaltata;Verticale ed orizzontale;Pioggia in atto;Normale;Sufficiente;Sufficiente;0;0;0;2;12.5663;41.8914;-1;1;Autovettura privata;In marcia / fermata / arresto;Conducente;M;Illeso;0;;;
4032931;7;11/10/2018 20:05:00;Strada Urbana;VIA DEI CICLAMINI;all'intersezione con;VIA FEDERICO DELPINO;VIA FEDERICO DELPINO;;;Scontro frontale/laterale DX fra veicoli in marcia;Intersezione stradale segnalata;Una carreggiata a doppio senso;Bagnato (pioggia);Asfaltata;Verticale ed orizzontale;Pioggia in atto;Normale;Sufficiente;Sufficiente;0;0;0;2;12.5663;41.8914;-1;2;Autovettura privata;In marcia / fermata / arresto;Conducente;M;Illeso;0;;;
4032940;1;11/10/2018 21:30:00;Strada Urbana;PIAZZA DEL COLOSSEO;in prossimità;;del palo luce n.;26;;Scontro laterale fra veicoli in marcia;;Due carreggiate;Asciutto;Asfaltata;Verticale ed orizzontale;Nuvoloso;Scarso;Sufficiente;Sufficiente;0;0;0;2;12.4936;41.8893;0;1;Autocarro inferiore 35 q.;In marcia / fermata / arresto;Conducente;M;Illeso;0;;Non accertato;Inesploso
4032940;1;11/10/2018 21:30:00;Strada Urbana;PIAZZA DEL COLOSSEO;in prossimità;;del palo luce n.;26;;Scontro laterale fra veicoli in marcia;;Due carreggiate;Asciutto;Asfaltata;Verticale ed orizzontale;Nuvoloso;Scarso;Sufficiente;Sufficiente;0;0;0;2;12.4936;41.8893;0;2;Autovettura pubblica;In marcia / fermata / arresto;Conducente;M;Illeso;0;;Non accertato;Inesploso
4032965;2;11/10/2018 22:35:00;Strada Urbana;VIALE BRUNO BUOZZI;da specificare;;;;pross. Viale Belle Arti;Veicolo in marcia contro ostacolo fisso;Curva a visuale libera;Una carreggiata a doppio senso;Bagnato (umidità in atto);Asfaltata;Orizzontale;Nuvoloso;Scarso;Sufficiente;Insufficiente;1;0;0;1;12.4748;41.9191;-1;1;Motociclo con passeggero;In marcia / fermata / arresto;Conducente;M;Rifiuta cure immediate;0;NON DECEDUTO;;
4032965;2;11/10/2018 22:35:00;Strada Urbana;VIALE BRUNO BUOZZI;da specificare;;;;pross. Viale Belle Arti;Veicolo in marcia contro ostacolo fisso;Curva a visuale libera;Una carreggiata a doppio senso;Bagnato (umidità in atto);Asfaltata;Orizzontale;Nuvoloso;Scarso;Sufficiente;Insufficiente;1;0;0;1;12.4748;41.9191;-1;1;Motociclo con passeggero;In marcia / fermata / arresto;Passeggero;M;Illeso;0;;;
4032966;2;11/10/2018 13:15:00;Strada Urbana;LUNGOTEVERE ARNALDO DA BRESCIA;da specificare;;;;pross. PONTE NENNI;Scontro laterale fra veicoli in marcia;Curva a visuale libera;Una carreggiata a senso unico di marcia;Asciutto;Asfaltata;Verticale ed orizzontale;Nuvoloso;Normale;Buona;Ore Diurne;0;0;0;2;12.4726;41.9123;-1;1;Autovettura privata;In marcia / fermata / arresto;Conducente;M;Illeso;0;;Non accertato;Inesploso
4032966;2;11/10/2018 13:15:00;Strada Urbana;LUNGOTEVERE ARNALDO DA BRESCIA;da specificare;;;;pross. PONTE NENNI;Scontro laterale fra veicoli in marcia;Curva a visuale libera;Una carreggiata a senso unico di marcia;Asciutto;Asfaltata;Verticale ed orizzontale;Nuvoloso;Normale;Buona;Ore Diurne;0;0;0;2;12.4726;41.9123;-1;2;Autovettura privata;In marcia / fermata / arresto;Conducente;M;Illeso;0;;Non accertato;Inesploso
4032971;2;11/10/2018 13:00:00;Strada Urbana;VIA POGGIO MOIANO;in corrispondenza;;del civico n.;6;;Veicolo in marcia contro veicolo in sosta;Rettilineo;Una carreggiata a senso unico di marcia;Asciutto;Asfaltata;Verticale ed orizzontale;Sereno;Normale;Buona;Ore Diurne;0;0;0;1;12.5116;41.9337;-1;2;Autovettura privata;In marcia / fermata / arresto;Conducente;F;Illeso;0;;;
4032972;2;11/10/2018 14:40:00;Strada Urbana;VIA BENACO;all'intersezione con;VIA DI VILLA ADA;VIA DI VILLA ADA;;;Veicolo in marcia contro veicolo fermo;Incrocio;Due carreggiate;Bagnato (pioggia);Asfaltata;Verticale ed orizzontale;Pioggia in atto;Scarso;Buona;Ore Diurne;0;0;0;2;12.5061;41.9239;-1;1;Autovettura privata;In marcia / fermata / arresto;Conducente;F;Illeso;0;;;
4032972;2;11/10/2018 14:40:00;Strada Urbana;VIA BENACO;all'intersezione con;VIA DI VILLA ADA;VIA DI VILLA ADA;;;Veicolo in marcia contro veicolo fermo;Incrocio;Due carreggiate;Bagnato (pioggia);Asfaltata;Verticale ed orizzontale;Pioggia in atto;Scarso;Buona;Ore Diurne;0;0;0;2;12.5061;41.9239;-1;2;Autocarro inferiore 35 q.;In marcia / fermata / arresto;Conducente;M;Illeso;0;;;
4032973;16;10/10/2018 20:40:00;Strada Urbana;CIRCONVALLAZIONE GIANICOLENSE;in prossimità;;del civico n.;111;;Scontro laterale fra veicoli in marcia;Rettilineo;Più di due carreggiate;Asciutto;Asfaltata;Verticale ed orizzontale;Sereno;Scarso;Buona;Sufficiente;0;0;0;2;12.45;41.8708;-1;1;Autovettura privata;In marcia / fermata / arresto;Conducente;M;Illeso;0;;Non accertato;
4032973;16;10/10/2018 20:40:00;Strada Urbana;CIRCONVALLAZIONE GIANICOLENSE;in prossimità;;del civico n.;111;;Scontro laterale fra veicoli in marcia;Rettilineo;Più di due carreggiate;Asciutto;Asfaltata;Verticale ed orizzontale;Sereno;Scarso;Buona;Sufficiente;0;0;0;2;12.45;41.8708;-1;2;Autocarro inferiore 35 q.;In marcia / fermata / arresto;Conducente;M;Illeso;0;;Non accertato;
4032981;2;11/10/2018 18:55:00;Strada Urbana;LUNGOTEVERE FLAMINIO;in prossimità;;del civico n.;30;;Scontro laterale fra veicoli in marcia;Rettilineo;Due carreggiate;Bagnato (pioggia);Asfaltata;Verticale ed orizzontale;Pioggia in atto;Normale;Sufficiente;Sufficiente;1;0;0;1;12.4703;41.9217;-1;1;Autovettura privata;In marcia / fermata / arresto;Conducente;M;Illeso;0;;;
4032981;2;11/10/2018 18:55:00;Strada Urbana;LUNGOTEVERE FLAMINIO;in prossimità;;del civico n.;30;;Scontro laterale fra veicoli in marcia;Rettilineo;Due carreggiate;Bagnato (pioggia);Asfaltata;Verticale ed orizzontale;Pioggia in atto;Normale;Sufficiente;Sufficiente;1;0;0;1;12.4703;41.9217;-1;2;Autovettura privata;In marcia / fermata / arresto;Conducente;F;Rimandato;0;NON DECEDUTO;;
4032992;2;11/10/2018 21:00:00;Strada Urbana;VIA GIULIO GAUDINI;all'intersezione con;VIA ARGENTINA;VIA ARGENTINA;;;Scontro frontale/laterale DX fra veicoli in marcia;Rotatoria;Una carreggiata a senso unico di marcia;Bagnato (pioggia);Asfaltata;Verticale ed orizzontale;Nuvoloso;Scarso;Sufficiente;Sufficiente;0;0;0;4;12.4771;41.9295;-1;1;Autovettura privata;In marcia / fermata / arresto;Conducente;M;Illeso;0;;Non accertato;Esploso
4032992;2;11/10/2018 21:00:00;Strada Urbana;VIA GIULIO GAUDINI;all'intersezione con;VIA ARGENTINA;VIA ARGENTINA;;;Scontro frontale/laterale DX fra veicoli in marcia;Rotatoria;Una carreggiata a senso unico di marcia;Bagnato (pioggia);Asfaltata;Verticale ed orizzontale;Nuvoloso;Scarso;Sufficiente;Sufficiente;0;0;0;4;12.4771;41.9295;-1;1;Autovettura privata;In marcia / fermata / arresto;Passeggero;F;Illeso;0;;Non accertato;Inesploso
4032992;2;11/10/2018 21:00:00;Strada Urbana;VIA GIULIO GAUDINI;all'intersezione con;VIA ARGENTINA;VIA ARGENTINA;;;Scontro frontale/laterale DX fra veicoli in marcia;Rotatoria;Una carreggiata a senso unico di marcia;Bagnato (pioggia);Asfaltata;Verticale ed orizzontale;Nuvoloso;Scarso;Sufficiente;Sufficiente;0;0;0;4;12.4771;41.9295;-1;1;Autovettura privata;In marcia / fermata / arresto;Passeggero;M;Illeso;0;;Non accertato;Inesploso
4032992;2;11/10/2018 21:00:00;Strada Urbana;VIA GIULIO GAUDINI;all'intersezione con;VIA ARGENTINA;VIA ARGENTINA;;;Scontro frontale/laterale DX fra veicoli in marcia;Rotatoria;Una carreggiata a senso unico di marcia;Bagnato (pioggia);Asfaltata;Verticale ed orizzontale;Nuvoloso;Scarso;Sufficiente;Sufficiente;0;0;0;4;12.4771;41.9295;-1;2;Autovettura privata;In marcia / fermata / arresto;Conducente;F;Illeso;0;;Non accertato;Inesploso
4032995;7;11/10/2018 11:30:00;Strada Urbana;VIA DELLE CILIEGIE;in prossimità;;del civico n.;169/c;;Scontro laterale fra veicoli in marcia;Rettilineo;Una carreggiata a doppio senso;Asciutto;Asfaltata;Assente;Sereno;Scarso;Buona;Ore Diurne;0;0;0;2;12.5749;41.8861;-1;1;Autovettura privata;In marcia / fermata / arresto;Conducente;M;Illeso;0;;;
4032995;7;11/10/2018 11:30:00;Strada Urbana;VIA DELLE CILIEGIE;in prossimità;;del civico n.;169/c;;Scontro laterale fra veicoli in marcia;Rettilineo;Una carreggiata a doppio senso;Asciutto;Asfaltata;Assente;Sereno;Scarso;Buona;Ore Diurne;0;0;0;2;12.5749;41.8861;-1;2;Autovettura privata;In marcia / fermata / arresto;Conducente;M;Illeso;0;;;