Protocollo;Gruppo;DataOraIncidente;Localizzazione1;STRADA1;Localizzazione2;STRADA2;Strada02;Chilometrica;DaSpecificare;NaturaIncidente;particolaritastrade;TipoStrada;FondoStradale;Pavimentazione;Segnaletica;CondizioneAtmosferica;Traffico;Visibilita;Illuminazione;NUM_FERITI;NUM_RISERVATA;NUM_MORTI;NUM_ILLESI;Longitudine;Latitudine;Confermato;Progressivo;TipoVeicolo;StatoVeicolo;TipoPersona;Sesso;Tipolesione;Deceduto;DecedutoDopo;CinturaCascoUtilizzato;Airbag;
4036983;11;15/10/2018 08:10:00;Strada Urbana;VIA ALESSIO BALDOVINETTI;in prossimità;;del civico n.;4;;Scontro laterale fra veicoli in marcia;Rettilineo;Una carreggiata a doppio senso;Asciutto;Asfaltata;Verticale ed orizzontale;Sereno;Normale;Buona;Ore Diurne;1;0;0;2;12.4946;41.8331;-1;2;Motociclo a solo;In marcia / fermata / arresto;Conducente;M;Rifiuta cure immediate;0;NON DECEDUTO;Non accertato;
4036984;19;13/10/2018 14:20:00;Strada Urbana;VIA MAGNAGO;in corrispondenza;;del civico n.;47;;Veicolo in marcia contro veicolo arresto;Rettilineo;Una carreggiata a senso unico di marcia;Asciutto;Asfaltata;Assente;Sereno;Scarso;Buona;Ore Diurne;0;0;0;2;12.3888;41.9466;-1;1;Autovettura privata;In marcia / fermata / arresto;Conducente;M;Illeso;0;;Non accertato;Inesploso
4036984;19;13/10/2018 14:20:00;Strada Urbana;VIA MAGNAGO;in corrispondenza;;del civico n.;47;;Veicolo in marcia contro veicolo arresto;Rettilineo;Una carreggiata a senso unico di marcia;Asciutto;Asfaltata;Assente;Sereno;Scarso;Buona;Ore Diurne;0;0;0;2;12.3888;41.9466;-1;2;Autovettura privata;In marcia / fermata / arresto;Conducente;F;Illeso;0;;Non accertato;Inesploso
4036991;19;14/10/2018 02:40:00;Strada Urbana;VIALE DI TOR DI QUINTO;da specificare;;;;altezza CORSO DI FRANCIA;Scontro laterale fra veicoli in marcia;Rettilineo;Una carreggiata a doppio senso;Asciutto;Asfaltata;Verticale ed orizzontale;Sereno;Scarso;Buona;Sufficiente;1;0;0;4;12.4785;41.9447;-1;1;Autovettura privata;In marcia / fermata / arresto;Conducente;M;Illeso;0;;;
4036991;19;14/10/2018 02:40:00;Strada Urbana;VIALE DI TOR DI QUINTO;da specificare;;;;altezza CORSO DI FRANCIA;Scontro laterale fra veicoli in marcia;Rettilineo;Una carreggiata a doppio senso;Asciutto;Asfaltata;Verticale ed orizzontale;Sereno;Scarso;Buona;Sufficiente;1;0;0;4;12.4785;41.9447;-1;1;Autovettura privata;In marcia / fermata / arresto;Passeggero;F;Illeso;0;;;
4036991;19;14/10/2018 02:40:00;Strada Urbana;VIALE DI TOR DI QUINTO;da specificare;;;;altezza CORSO DI FRANCIA;Scontro laterale fra veicoli in marcia;Rettilineo;Una carreggiata a doppio senso;Asciutto;Asfaltata;Verticale ed orizzontale;Sereno;Scarso;Buona;Sufficiente;1;0;0;4;12.4785;41.9447;-1;1;Autovettura privata;In marcia / fermata / arresto;Passeggero;M;Illeso;0;;;
4036991;19;14/10/2018 02:40:00;Strada Urbana;VIALE DI TOR DI QUINTO;da specificare;;;;altezza CORSO DI FRANCIA;Scontro laterale fra veicoli in marcia;Rettilineo;Una carreggiata a doppio senso;Asciutto;Asfaltata;Verticale ed orizzontale;Sereno;Scarso;Buona;Sufficiente;1;0;0;4;12.4785;41.9447;-1;1;Autovettura privata;In marcia / fermata / arresto;Passeggero;F;Illeso;0;;;
4036991;19;14/10/2018 02:40:00;Strada Urbana;VIALE DI TOR DI QUINTO;da specificare;;;;altezza CORSO DI FRANCIA;Scontro laterale fra veicoli in marcia;Rettilineo;Una carreggiata a doppio senso;Asciutto;Asfaltata;Verticale ed orizzontale;Sereno;Scarso;Buona;Sufficiente;1;0;0;4;12.4785;41.9447;-1;2;Motociclo a solo;In marcia / fermata / arresto;Conducente;M;Rimandato;0;NON DECEDUTO;;
4036993;1;14/10/2018 08:40:00;Strada Urbana;VIA MERULANA;in prossimità;;del civico n.;142;;Veicolo in marcia contro veicolo arresto;Rettilineo;Una carreggiata a doppio senso;Asciutto;Asfaltata;Verticale ed orizzontale;Sereno;Scarso;Buona;Ore Diurne;1;0;0;1;12.5046;41.8873;-1;1;Autovettura pubblica;In marcia / fermata / arresto;Conducente;M;Illeso;0;;Non accertato;Inesploso
4036993;1;14/10/2018 08:40:00;Strada Urbana;VIA MERULANA;in prossimità;;del civico n.;142;;Veicolo in marcia contro veicolo arresto;Rettilineo;Una carreggiata a doppio senso;Asciutto;Asfaltata;Verticale ed orizzontale;Sereno;Scarso;Buona;Ore Diurne;1;0;0;1;12.5046;41.8873;-1;2;Motociclo a solo;In marcia / fermata / arresto;Conducente;F;Rimandato;0;NON DECEDUTO;Non accertato;
4037002;1;14/10/2018 15:45:00;Strada Urbana;VIA DI S. BASILIO;da specificare;;;;IN PROSSIMITà DEL FRONTE CIVICO 38;Tamponamento;Rettilineo;Una carreggiata a senso unico di marcia;Asciutto;In cubetti di porfido;Verticale ed orizzontale;Sereno;Scarso;Buona;Ore Diurne;2;0;0;1;12.4897;41.905;-1;1;Autovettura privata;In marcia / fermata / arresto;Conducente;M;Illeso;0;;;
4037002;1;14/10/2018 15:45:00;Strada Urbana;VIA DI S. BASILIO;da specificare;;;;IN PROSSIMITà DEL FRONTE CIVICO 38;Tamponamento;Rettilineo;Una carreggiata a senso unico di marcia;Asciutto;In cubetti di porfido;Verticale ed orizzontale;Sereno;Scarso;Buona;Ore Diurne;2;0;0;1;12.4897;41.905;-1;2;Motociclo con passeggero;In marcia / fermata / arresto;Conducente;M;Rifiuta cure immediate;0;NON DECEDUTO;;
4037002;1;14/10/2018 15:45:00;Strada Urbana;VIA DI S. BASILIO;da specificare;;;;IN PROSSIMITà DEL FRONTE CIVICO 38;Tamponamento;Rettilineo;Una carreggiata a senso unico di marcia;Asciutto;In cubetti di porfido;Verticale ed orizzontale;Sereno;Scarso;Buona;Ore Diurne;2;0;0;1;12.4897;41.905;-1;2;Motociclo con passeggero;In marcia / fermata / arresto;Passeggero;F;Rifiuta cure immediate;0;NON DECEDUTO;;
4037010;18;12/10/2018 21:10:00;Strada Urbana;VIA FRATEL GIUSEPPE LAZZARO;da specificare;;;;FR.  VIA ANTONIO LUCCI;Scontro frontale fra veicoli in marcia;Rettilineo;Una carreggiata a doppio senso;Asciutto;Asfaltata;Assente;Sereno;Scarso;Insufficiente;Inesistente;2;0;0;3;12.4011;41.9134;-1;1;Autovettura privata;In marcia / fermata / arresto;Conducente;M;Illeso;0;;;
4037010;18;12/10/2018 21:10:00;Strada Urbana;VIA FRATEL GIUSEPPE LAZZARO;da specificare;;;;FR.  VIA ANTONIO LUCCI;Scontro frontale fra veicoli in marcia;Rettilineo;Una carreggiata a doppio senso;Asciutto;Asfaltata;Assente;Sereno;Scarso;Insufficiente;Inesistente;2;0;0;3;12.4011;41.9134;-1;1;Autovettura privata;In marcia / fermata / arresto;Passeggero;F;Rimandato;0;NON DECEDUTO;;
4037010;18;12/10/2018 21:10:00;Strada Urbana;VIA FRATEL GIUSEPPE LAZZARO;da specificare;;;;FR.  VIA ANTONIO LUCCI;Scontro frontale fra veicoli in marcia;Rettilineo;Una carreggiata a doppio senso;Asciutto;Asfaltata;Assente;Sereno;Scarso;Insufficiente;Inesistente;2;0;0;3;12.4011;41.9134;-1;2;Autovettura privata;In marcia / fermata / arresto;Conducente;F;Rimandato;0;NON DECEDUTO;;
4037010;18;12/10/2018 21:10:00;Strada Urbana;VIA FRATEL GIUSEPPE LAZZARO;da specificare;;;;FR.  VIA ANTONIO LUCCI;Scontro frontale fra veicoli in marcia;Rettilineo;Una carreggiata a doppio senso;Asciutto;Asfaltata;Assente;Sereno;Scarso;Insufficiente;Inesistente;2;0;0;3;12.4011;41.9134;-1;2;Autovettura privata;In marcia / fermata / arresto;Passeggero;F;Illeso;0;;;
4037010;18;12/10/2018 21:10:00;Strada Urbana;VIA FRATEL GIUSEPPE LAZZARO;da specificare;;;;FR.  VIA ANTONIO LUCCI;Scontro frontale fra veicoli in marcia;Rettilineo;Una carreggiata a doppio senso;Asciutto;Asfaltata;Assente;Sereno;Scarso;Insufficiente;Inesistente;2;0;0;3;12.4011;41.9134;-1;2;Autovettura privata;In marcia / fermata / arresto;Passeggero;F;Illeso;0;;;
4037015;7;12/10/2018 21:40:00;Strada Urbana;VIA PRENESTINA;in corrispondenza;;del civico n.;920;;Veicolo in marcia contro ostacolo accidentale;Rettilineo;Una carreggiata a doppio senso;Asciutto;Asfaltata;Assente;Sereno;Normale;Sufficiente;Sufficiente;0;0;0;1;12.5947;41.8936;-1;1;Motociclo a solo;In marcia / fermata / arresto;Conducente;M;Illeso;0;;Non accertato;
4037019;19;13/10/2018 09:30:00;Strada Urbana;VIA MICHELE BONELLI;in corrispondenza;;del civico n.;20;;Scontro frontale/laterale SX fra veicoli in marcia;Rettilineo;Una carreggiata a doppio senso;Asciutto;Asfaltata;Assente;Sereno;Scarso;Buona;Ore Diurne;0;0;0;2;12.4132;41.9157;-1;1;Autovettura privata;In marcia / fermata / arresto;Conducente;F;Illeso;0;;;
4037019;19;13/10/2018 09:30:00;Strada Urbana;VIA MICHELE BONELLI;in corrispondenza;;del civico n.;20;;Scontro frontale/laterale SX fra veicoli in marcia;Rettilineo;Una carreggiata a doppio senso;Asciutto;Asfaltata;Assente;Sereno;Scarso;Buona;Ore Diurne;0;0;0;2;12.4132;41.9157;-1;2;Autovettura privata;In marcia / fermata / arresto;Conducente;M;Illeso;0;;;
4037020;16;12/10/2018 14:10:00;Strada Urbana;VIA EDOARDO JENNER;in prossimità;;del civico n.;122;;Scontro laterale fra veicoli in marcia;Rettilineo;Una carreggiata a doppio senso;Asciutto;Asfaltata;Orizzontale;Sereno;Normale;Buona;Ore Diurne;0;0;0;2;12.4454;41.8707;-1;1;Motociclo a solo;In marcia / fermata / arresto;Conducente;M;Illeso;0;;Non accertato;
4037020;16;12/10/2018 14:10:00;Strada Urbana;VIA EDOARDO JENNER;in prossimità;;del civico n.;122;;Scontro laterale fra veicoli in marcia;Rettilineo;Una carreggiata a doppio senso;Asciutto;Asfaltata;Orizzontale;Sereno;Normale;Buona;Ore Diurne;0;0;0;2;12.4454;41.8707;-1;2;Autovettura privata;In marcia / fermata / arresto;Conducente;F;Illeso;0;;Non accertato;Inesploso
4037022;17;15/10/2018 06:10:00;Strada Urbana;LUNGOTEVERE DELLE ARMI;in prossimità;;del civico n.;22;;Tamponamento Multiplo;Rettilineo;Una carreggiata a senso unico di marcia;Asciutto;Asfaltata;Verticale ed orizzontale;Sereno;Normale;Sufficiente;Sufficiente;0;0;0;4;12.4694;41.9163;-1;1;Autovettura privata;In marcia / fermata / arresto;Conducente;M;Illeso;0;;Non accertato;Inesploso
4037022;17;15/10/2018 06:10:00;Strada Urbana;LUNGOTEVERE DELLE ARMI;in prossimità;;del civico n.;22;;Tamponamento Multiplo;Rettilineo;Una carreggiata a senso unico di marcia;Asciutto;Asfaltata;Verticale ed orizzontale;Sereno;Normale;Sufficiente;Sufficiente;0;0;0;4;12.4694;41.9163;-1;2;Autovettura privata;In marcia / fermata / arresto;Conducente;M;Illeso;0;;Non accertato;Inesploso
4037022;17;15/10/2018 06:10:00;Strada Urbana;LUNGOTEVERE DELLE ARMI;in prossimità;;del civico n.;22;;Tamponamento Multiplo;Rettilineo;Una carreggiata a senso unico di marcia;Asciutto;Asfaltata;Verticale ed orizzontale;Sereno;Normale;Sufficiente;Sufficiente;0;0;0;4;12.4694;41.9163;-1;3;Autocarro inferiore 35 q.;In marcia / fermata / arresto;Conducente;M;Illeso;0;;Non accertato;
4037022;17;15/10/2018 06:10:00;Strada Urbana;LUNGOTEVERE DELLE ARMI;in prossimità;;del civico n.;22;;Tamponamento Multiplo;Rettilineo;Una carreggiata a senso unico di marcia;Asciutto;Asfaltata;Verticale ed orizzontale;Sereno;Normale;Sufficiente;Sufficiente;0;0;0;4;12.4694;41.9163;-1;3;Autocarro inferiore 35 q.;In marcia / fermata / arresto;Passeggero;M;Illeso;0;;Non accertato;
4037046;16;12/10/2018 16:15:00;;VIA DELLA VIGNACCIA;in prossimità;;del palo luce n.;38;;Veicolo in marcia contro ostacolo accidentale;;;;;;;;;;0;0;0;1;12.3988;41.8717;0;1;Autovettura privata;In marcia / fermata / arresto;Conducente;M;Illeso;0;;;
4037047;19;13/10/2018 10:15:00;Strada Urbana;VIA LATTANZIO;in corrispondenza;;del civico n.;28;;Investimento di pedone;Curva a visuale libera;Una carreggiata a doppio senso;Asciutto;Asfaltata;Assente;Sereno;Normale;Buona;Ore Diurne;1;0;0;1;12.4415;41.9119;-1;;;;Pedone;F;Ricoverato;0;NON DECEDUTO;;
4037047;19;13/10/2018 10:15:00;Strada Urbana;VIA LATTANZIO;in corrispondenza;;del civico n.;28;;Investimento di pedone;Curva a visuale libera;Una carreggiata a doppio senso;Asciutto;Asfaltata;Assente;Sereno;Normale;Buona;Ore Diurne;1;0;0;1;12.4415;41.9119;-1;1;Autovettura privata;In marcia / fermata / arresto;Conducente;F;Illeso;0;;;
4037054;7;12/10/2018 13:50:00;Strada Urbana;VIA CASILINA;all'intersezione con;PIAZZA SOR CAPANNA;PIAZZA SOR CAPANNA;;;Scontro frontale/laterale SX fra veicoli in marcia;Incrocio;Una carreggiata a doppio senso;Asciutto;Asfaltata;Orizzontale;Sereno;Normale;Buona;Ore Diurne;0;0;0;2;12.5786;41.8715;-1;1;Autovettura privata;In marcia / fermata / arresto;Conducente;M;Illeso;0;;;
4037054;7;12/10/2018 13:50:00;Strada Urbana;VIA CASILINA;all'intersezione con;PIAZZA SOR CAPANNA;PIAZZA SOR CAPANNA;;;Scontro frontale/laterale SX fra veicoli in marcia;Incrocio;Una carreggiata a doppio senso;Asciutto;Asfaltata;Orizzontale;Sereno;Normale;Buona;Ore Diurne;0;0;0;2;12.5786;41.8715;-1;2;Autovettura privata;In marcia / fermata / arresto;Conducente;F;Illeso;0;;;
4037056;20;14/10/2018 01:45:00;Regionale entro l'abitato;VIA CASSIA;all'intersezione con;VIA IGINO LEGA;VIA IGINO LEGA;;;Scontro laterale fra veicoli in marcia;Incrocio;Una carreggiata a doppio senso;Asciutto;Asfaltata;Verticale ed orizzontale;Sereno;Scarso;Sufficiente;Sufficiente;0;0;0;4;12.4161;41.981;-1;1;Autovettura privata;In marcia / fermata / arresto;Conducente;F;Illeso;0;;;
4037056;20;14/10/2018 01:45:00;Regionale entro l'abitato;VIA CASSIA;all'intersezione con;VIA IGINO LEGA;VIA IGINO LEGA;;;Scontro laterale fra veicoli in marcia;Incrocio;Una carreggiata a doppio senso;Asciutto;Asfaltata;Verticale ed orizzontale;Sereno;Scarso;Sufficiente;Sufficiente;0;0;0;4;12.4161;41.981;-1;2;Autovettura privata;In marcia / fermata / arresto;Conducente;M;Illeso;0;;;
4037056;20;14/10/2018 01:45:00;Regionale entro l'abitato;VIA CASSIA;all'intersezione con;VIA IGINO LEGA;VIA IGINO LEGA;;;Scontro laterale fra veicoli in marcia;Incrocio;Una carreggiata a doppio senso;Asciutto;Asfaltata;Verticale ed orizzontale;Sereno;Scarso;Sufficiente;Sufficiente;0;0;0;4;12.4161;41.981;-1;2;Autovettura privata;In marcia / fermata / arresto;Passeggero;M;Illeso;0;;Non accertato;Inesploso
4037056;20;14/10/2018 01:45:00;Regionale entro l'abitato;VIA CASSIA;all'intersezione con;VIA IGINO LEGA;VIA IGINO LEGA;;;Scontro laterale fra veicoli in marcia;Incrocio;Una carreggiata a doppio senso;Asciutto;Asfaltata;Verticale ed orizzontale;Sereno;Scarso;Sufficiente;Sufficiente;0;0;0;4;12.4161;41.981;-1;2;Autovettura privata;In marcia / fermata / arresto;Passeggero;F;Illeso;0;;Non accertato;Inesploso
4037060;16;12/10/2018 18:45:00;Strada Urbana;VIA DELLA PISANA;all'intersezione con;VIA MARCELLO PIACENTINI;VIA MARCELLO PIACENTINI;;;Scontro frontale/laterale DX fra veicoli in marcia;Incrocio;Una carreggiata a doppio senso;Asciutto;Asfaltata;Verticale ed orizzontale;Sereno;Normale;Buona;Sufficiente;1;0;0;2;12.389;41.8577;-1;1;Ciclomotore;In marcia / fermata / arresto;Conducente;M;Rimandato;0;NON DECEDUTO;Non accertato;
4037060;16;12/10/2018 18:45:00;Strada Urbana;VIA DELLA PISANA;all'intersezione con;VIA MARCELLO PIACENTINI;VIA MARCELLO PIACENTINI;;;Scontro frontale/laterale DX fra veicoli in marcia;Incrocio;Una carreggiata a doppio senso;Asciutto;Asfaltata;Verticale ed orizzontale;Sereno;Normale;Buona;Sufficiente;1;0;0;2;12.389;41.8577;-1;2;Motociclo a solo;In marcia / fermata / arresto;Conducente;M;Illeso;0;;Non accertato;
4037060;16;12/10/2018 18:45:00;Strada Urbana;VIA DELLA PISANA;all'intersezione con;VIA MARCELLO PIACENTINI;VIA MARCELLO PIACENTINI;;;Scontro frontale/laterale DX fra veicoli in marcia;Incrocio;Una carreggiata a doppio senso;Asciutto;Asfaltata;Verticale ed orizzontale;Sereno;Normale;Buona;Sufficiente;1;0;0;2;12.389;41.8577;-1;2;Motociclo a solo;In marcia / fermata / arresto;Passeggero;M;Illeso;0;;Non accertato;
4037072;20;12/10/2018 23:00:00;Regionale entro l'abitato;VIA CASSIA;in corrispondenza;;del civico n.;413;;Fuoriuscita dalla sede stradale;Curva senza visuale libera;Una carreggiata a doppio senso;Asciutto;Asfaltata;Assente;Sereno;Scarso;Insufficiente;Insufficiente;1;0;0;0;12.4573;41.9564;-1;1;Motociclo a solo;In marcia / fermata / arresto;Conducente;M;Rimandato;0;NON DECEDUTO;Non accertato;
4037074;1;12/10/2018 18:20:00;Strada Urbana;VIA DELLA NAVICELLA;in prossimità;;del civico n.;4;;Veicolo in marcia contro veicolo in sosta;Pendenza;Una carreggiata a doppio senso;Asciutto;Asfaltata;Verticale ed orizzontale;Sereno;Normale;Buona;Ore Diurne;0;0;0;1;12.4955;41.8854;-1;1;Autovettura privata;In marcia / fermata / arresto;Conducente;M;Illeso;0;;Non accertato;Inesploso
4037083;16;12/10/2018 20:00:00;Strada Urbana;VIA GUIDO CAVALCANTI;all'intersezione con;VIA GIUSEPPE REVERE;VIA GIUSEPPE REVERE;;;Investimento di pedone;Incrocio;Una carreggiata a senso unico di marcia;Asciutto;Asfaltata;Orizzontale;Sereno;Scarso;Buona;Sufficiente;2;0;0;3;12.4604;41.8751;-1;;;;Pedone;F;Rimandato;0;NON DECEDUTO;;
4037083;16;12/10/2018 20:00:00;Strada Urbana;VIA GUIDO CAVALCANTI;all'intersezione con;VIA GIUSEPPE REVERE;VIA GIUSEPPE REVERE;;;Investimento di pedone;Incrocio;Una carreggiata a senso unico di marcia;Asciutto;Asfaltata;Orizzontale;Sereno;Scarso;Buona;Sufficiente;2;0;0;3;12.4604;41.8751;-1;;;;Pedone;M;Rimandato;0;NON DECEDUTO;;
4037083;16;12/10/2018 20:00:00;Strada Urbana;VIA GUIDO CAVALCANTI;all'intersezione con;VIA GIUSEPPE REVERE;VIA GIUSEPPE REVERE;;;Investimento di pedone;Incrocio;Una carreggiata a senso unico di marcia;Asciutto;Asfaltata;Orizzontale;Sereno;Scarso;Buona;Sufficiente;2;0;0;3;12.4604;41.8751;-1;1;Autovettura privata;In marcia / fermata / arresto;Conducente;F;Illeso;0;;Non accertato;
4037083;16;12/10/2018 20:00:00;Strada Urbana;VIA GUIDO CAVALCANTI;all'intersezione con;VIA GIUSEPPE REVERE;VIA GIUSEPPE REVERE;;;Investimento di pedone;Incrocio;Una carreggiata a senso unico di marcia;Asciutto;Asfaltata;Orizzontale;Sereno;Scarso;Buona;Sufficiente;2;0;0;3;12.4604;41.8751;-1;1;Autovettura privata;In marcia / fermata / arresto;Passeggero;M;Illeso;0;;Non accertato;
4037083;16;12/10/2018 20:00:00;Strada Urbana;VIA GUIDO CAVALCANTI;all'intersezione con;VIA GIUSEPPE REVERE;VIA GIUSEPPE REVERE;;;Investimento di pedone;Incrocio;Una carreggiata a senso unico di marcia;Asciutto;Asfaltata;Orizzontale;Sereno;Scarso;Buona;Sufficiente;2;0;0;3;12.4604;41.8751;-1;2;Autovettura privata;In marcia / fermata / arresto;Conducente;M;Illeso;0;;Non accertato;
4037089;16;12/10/2018 19:45:00;Strada Urbana;PIAZZA S. GIOVANNI DI DIO;all'intersezione semaforizzata con;CIRCONVALLAZIONE GIANICOLENSE;CIRCONVALLAZIONE GIANICOLENSE;;;Ribaltamento senza urto contro ostacolo fisso;Intersezione semaforizzata;Più di due carreggiate;Asciutto;Asfaltata;Verticale ed orizzontale;Sereno;Intenso;Buona;Sufficiente;0;0;0;1;12.4468;41.8744;-1;1;Autovettura privata;In marcia / fermata / arresto;Conducente;F;Illeso;0;;Non accertato;Inesploso
4037091;20;14/10/2018 18:40:00;Strada Urbana;VIA VALLOMBROSA;all'intersezione con;VIALE CORTINA D'AMPEZZO;VIALE CORTINA D'AMPEZZO;;;Scontro laterale fra veicoli in marcia;Incrocio;Una carreggiata a doppio senso;Asciutto;Asfaltata;Verticale ed orizzontale;Sereno;Normale;Sufficiente;Sufficiente;0;0;0;3;12.4426;41.9496;-1;1;Quadriciclo leggero;In marcia / fermata / arresto;Conducente;M;Illeso;0;;Non accertato;
4037091;20;14/10/2018 18:40:00;Strada Urbana;VIA VALLOMBROSA;all'intersezione con;VIALE CORTINA D'AMPEZZO;VIALE CORTINA D'AMPEZZO;;;Scontro laterale fra veicoli in marcia;Incrocio;Una carreggiata a doppio senso;Asciutto;Asfaltata;Verticale ed orizzontale;Sereno;Normale;Sufficiente;Sufficiente;0;0;0;3;12.4426;41.9496;-1;2;Autovettura privata;In marcia / fermata / arresto;Conducente;F;Illeso;0;;Non accertato;Inesploso
4037091;20;14/10/2018 18:40:00;Strada Urbana;VIA VALLOMBROSA;all'intersezione con;VIALE CORTINA D'AMPEZZO;VIALE CORTINA D'AMPEZZO;;;Scontro laterale fra veicoli in marcia;Incrocio;Una carreggiata a doppio senso;Asciutto;Asfaltata;Verticale ed orizzontale;Sereno;Normale;Sufficiente;Sufficiente;0;0;0;3;12.4426;41.9496;-1;2;Autovettura privata;In marcia / fermata / arresto;Passeggero;M;Illeso;0;;Non accertato;
4037093;4;13/10/2018 12:40:00;Provinciale entro l'abitato;VIA NOMENTANA;all'intersezione semaforizzata con;VIA VAL BREMBANA;VIA VAL BREMBANA;;;Scontro frontale/laterale SX fra veicoli in marcia;Intersezione semaforizzata;Più di due carreggiate;Asciutto;Asfaltata;Verticale ed orizzontale;Sereno;Normale;Buona;Ore Diurne;1;0;0;1;12.5728;41.9579;-1;1;Motociclo a solo;In marcia / fermata / arresto;Conducente;M;Rimandato;0;NON DECEDUTO;Non accertato;
4037093;4;13/10/2018 12:40:00;Provinciale entro l'abitato;VIA NOMENTANA;all'intersezione semaforizzata con;VIA VAL BREMBANA;VIA VAL BREMBANA;;;Scontro frontale/laterale SX fra veicoli in marcia;Intersezione semaforizzata;Più di due carreggiate;Asciutto;Asfaltata;Verticale ed orizzontale;Sereno;Normale;Buona;Ore Diurne;1;0;0;1;12.5728;41.9579;-1;2;Autovettura privata;In marcia / fermata / arresto;Conducente;M;Illeso;0;;Non accertato;Inesploso
4037098;12;12/10/2018 20:05:00;Strada Urbana;PIAZZALE LUIGI STURZO;in prossimità;;del civico n.;15;;Veicolo in marcia contro veicolo in sosta;Rettilineo;Una carreggiata a doppio senso;Asciutto;Asfaltata;Verticale ed orizzontale;Sereno;Scarso;Buona;Sufficiente;0;0;0;1;12.4672;41.835;-1;2;Autovettura privata;In marcia / fermata / arresto;Conducente;M;Illeso;0;;Esente;Inesploso
4037100;4;14/10/2018 12:30:00;Strada Urbana;VIALE JONIO;all'intersezione con;VIALE PANTELLERIA;VIALE PANTELLERIA;;;Tamponamento;Intersezione semaforizzata;Due carreggiate;Asciutto;Asfaltata;Verticale ed orizzontale;Sereno;Normale;Buona;Ore Diurne;0;0;0;3;12.536;41.9442;-1;1;Autovettura privata;In marcia / fermata / arresto;Conducente;F;Illeso;0;;;
4037100;4;14/10/2018 12:30:00;Strada Urbana;VIALE JONIO;all'intersezione con;VIALE PANTELLERIA;VIALE PANTELLERIA;;;Tamponamento;Intersezione semaforizzata;Due carreggiate;Asciutto;Asfaltata;Verticale ed orizzontale;Sereno;Normale;Buona;Ore Diurne;0;0;0;3;12.536;41.9442;-1;1;Autovettura privata;In marcia / fermata / arresto;Passeggero;M;Illeso;0;;;
4037100;4;14/10/2018 12:30:00;Strada Urbana;VIALE JONIO;all'intersezione con;VIALE PANTELLERIA;VIALE PANTELLERIA;;;Tamponamento;Intersezione semaforizzata;Due carreggiate;Asciutto;Asfaltata;Verticale ed orizzontale;Sereno;Normale;Buona;Ore Diurne;0;0;0;3;12.536;41.9442;-1;2;Autovettura privata;In marcia / fermata / arresto;Conducente;M;Illeso;0;;;
4037101;16;13/10/2018 01:40:00;Strada Urbana;VIALE DEI COLLI PORTUENSI;all'intersezione con;VIA DI MONTE VERDE;VIA DI MONTE VERDE;;;Scontro frontale/laterale DX fra veicoli in marcia;Incrocio;Due carreggiate;Asciutto;Asfaltata;Verticale ed orizzontale;Sereno;Scarso;Buona;Sufficiente;0;0;0;4;12.4441;41.8666;-1;1;Autovettura privata;In marcia / fermata / arresto;Conducente;M;Illeso;0;;Non accertato;Inesploso
4037101;16;13/10/2018 01:40:00;Strada Urbana;VIALE DEI COLLI PORTUENSI;all'intersezione con;VIA DI MONTE VERDE;VIA DI MONTE VERDE;;;Scontro frontale/laterale DX fra veicoli in marcia;Incrocio;Due carreggiate;Asciutto;Asfaltata;Verticale ed orizzontale;Sereno;Scarso;Buona;Sufficiente;0;0;0;4;12.4441;41.8666;-1;2;Autovettura privata;In marcia / fermata / arresto;Conducente;M;Illeso;0;;Non accertato;Inesploso
4037101;16;13/10/2018 01:40:00;Strada Urbana;VIALE DEI COLLI PORTUENSI;all'intersezione con;VIA DI MONTE VERDE;VIA DI MONTE VERDE;;;Scontro frontale/laterale DX fra veicoli in marcia;Incrocio;Due carreggiate;Asciutto;Asfaltata;Verticale ed orizzontale;Sereno;Scarso;Buona;Sufficiente;0;0;0;4;12.4441;41.8666;-1;2;Autovettura privata;In marcia / fermata / arresto;Passeggero;M;Illeso;0;;Non accertato;Inesploso
4037107;16;14/10/2018 01:30:00;Strada Urbana;VIA DI DONNA OLIMPIA;in prossimità;;del civico n.;19;;Tamponamento Multiplo;Rettilineo;Una carreggiata a senso unico di marcia;Asciutto;Asfaltata;Verticale ed orizzontale;Sereno;Scarso;Sufficiente;Sufficiente;1;0;0;2;12.4517;41.8789;-1;1;Autovettura privata;In marcia / fermata / arresto;Conducente;M;Illeso;0;;Non accertato;Inesploso
4037107;16;14/10/2018 01:30:00;Strada Urbana;VIA DI DONNA OLIMPIA;in prossimità;;del civico n.;19;;Tamponamento Multiplo;Rettilineo;Una carreggiata a senso unico di marcia;Asciutto;Asfaltata;Verticale ed orizzontale;Sereno;Scarso;Sufficiente;Sufficiente;1;0;0;2;12.4517;41.8789;-1;2;Autovettura privata;In marcia / fermata / arresto;Conducente;M;Rifiuta cure immediate;0;NON DECEDUTO;Non accertato;Inesploso
4037107;16;14/10/2018 01:30:00;Strada Urbana;VIA DI DONNA OLIMPIA;in prossimità;;del civico n.;19;;Tamponamento Multiplo;Rettilineo;Una carreggiata a senso unico di marcia;Asciutto;Asfaltata;Verticale ed orizzontale;Sereno;Scarso;Sufficiente;Sufficiente;1;0;0;2;12.4517;41.8789;-1;3;Autovettura privata;In marcia / fermata / arresto;Conducente;F;Illeso;0;;Non accertato;Inesploso