Protocollo;Gruppo;DataOraIncidente;Localizzazione1;STRADA1;Localizzazione2;STRADA2;Strada02;Chilometrica;DaSpecificare;NaturaIncidente;particolaritastrade;TipoStrada;FondoStradale;Pavimentazione;Segnaletica;CondizioneAtmosferica;Traffico;Visibilita;Illuminazione;NUM_FERITI;NUM_RISERVATA;NUM_MORTI;NUM_ILLESI;Longitudine;Latitudine;Confermato;Progressivo;TipoVeicolo;StatoVeicolo;TipoPersona;Sesso;Tipolesione;Deceduto;DecedutoDopo;CinturaCascoUtilizzato;Airbag;
4037394;12;15/10/2018 07:30:00;Provinciale;VIA DI PRATICA;da specificare;;;;in prossimità del km 2.000 direzione Pomezia;Veicolo in marcia contro ostacolo accidentale;Curva senza visuale libera;Una carreggiata a doppio senso;Asciutto;Asfaltata;Verticale ed orizzontale;Sereno;Normale;Buona;Ore Diurne;0;0;0;1;12.446;41.6886;-1;1;Autovettura privata;In marcia / fermata / arresto;Conducente;F;Illeso;0;;Utilizzato;Inesploso
4037399;16;15/10/2018 10:20:00;Strada Urbana;PIAZZALE EUGENIO MORELLI;da specificare;;;;in prossimità Viale dei Colli Portuensi;Scontro laterale fra veicoli in marcia;Rettilineo;Una carreggiata a senso unico di marcia;Asciutto;Asfaltata;Verticale ed orizzontale;Sereno;Normale;Sufficiente;Ore Diurne;0;0;0;3;12.4434;41.8602;-1;1;Autovettura privata;In marcia / fermata / arresto;Conducente;F;Illeso;0;;Non accertato;Inesploso
4037399;16;15/10/2018 10:20:00;Strada Urbana;PIAZZALE EUGENIO MORELLI;da specificare;;;;in prossimità Viale dei Colli Portuensi;Scontro laterale fra veicoli in marcia;Rettilineo;Una carreggiata a senso unico di marcia;Asciutto;Asfaltata;Verticale ed orizzontale;Sereno;Normale;Sufficiente;Ore Diurne;0;0;0;3;12.4434;41.8602;-1;1;Autovettura privata;In marcia / fermata / arresto;Passeggero;F;Illeso;0;;Non accertato;Inesploso
4037399;16;15/10/2018 10:20:00;Strada Urbana;PIAZZALE EUGENIO MORELLI;da specificare;;;;in prossimità Viale dei Colli Portuensi;Scontro laterale fra veicoli in marcia;Rettilineo;Una carreggiata a senso unico di marcia;Asciutto;Asfaltata;Verticale ed orizzontale;Sereno;Normale;Sufficiente;Ore Diurne;0;0;0;3;12.4434;41.8602;-1;2;Autovettura pubblica;In marcia / fermata / arresto;Conducente;M;Illeso;0;;Non accertato;Inesploso
4037407;2;12/10/2018 17:00:00;Strada Urbana;VIALE MARESCIALLO PILSUDSKI;in prossimità;;del civico n.;124;;Veicolo in marcia contro veicolo in sosta;Rettilineo;Una carreggiata a doppio senso;Asciutto;Asfaltata;Verticale ed orizzontale;Sereno;Normale;Buona;Ore Diurne;0;0;0;1;12.4803;41.9284;-1;1;Autovettura privata;In marcia / fermata / arresto;Conducente;M;Illeso;0;;;
4037410;5;15/10/2018 10:45:00;Strada Urbana;VIA DEL CASALE DI S. BASILIO;all'intersezione con;VIA PIEVE TORINA;VIA PIEVE TORINA;;;Scontro frontale/laterale DX fra veicoli in marcia;Incrocio;Una carreggiata a doppio senso;Asciutto;Asfaltata;Verticale ed orizzontale;Sereno;Normale;Buona;Ore Diurne;0;0;0;2;12.5844;41.9331;-1;1;Autovettura privata;In marcia / fermata / arresto;Conducente;M;Illeso;0;;Non accertato;Inesploso
4037410;5;15/10/2018 10:45:00;Strada Urbana;VIA DEL CASALE DI S. BASILIO;all'intersezione con;VIA PIEVE TORINA;VIA PIEVE TORINA;;;Scontro frontale/laterale DX fra veicoli in marcia;Incrocio;Una carreggiata a doppio senso;Asciutto;Asfaltata;Verticale ed orizzontale;Sereno;Normale;Buona;Ore Diurne;0;0;0;2;12.5844;41.9331;-1;2;Autovettura privata;In marcia / fermata / arresto;Conducente;M;Illeso;0;;Non accertato;Inesploso
4037414;7;12/10/2018 16:35:00;Strada Urbana;VIA TRANI;all'intersezione con;VIA OSTUNI;VIA OSTUNI;;;Scontro frontale fra veicoli in marcia;Incrocio;Una carreggiata a doppio senso;Asciutto;Asfaltata;Assente;Sereno;Normale;Buona;Ore Diurne;0;0;0;1;12.5785;41.8914;-1;1;Autovettura privata;In marcia / fermata / arresto;Conducente;M;Illeso;0;;Non accertato;Inesploso
4037430;12;15/10/2018 07:35:00;Provinciale;VIA DI PRATICA;da specificare;;;;in prossimità del km 2.000 dir. Pomezia;Veicolo in marcia contro ostacolo accidentale;Curva senza visuale libera;Una carreggiata a doppio senso;Asciutto;Asfaltata;Verticale ed orizzontale;Sereno;Normale;Buona;Ore Diurne;0;0;0;1;12.4375;41.6957;-1;1;Autovettura privata;In marcia / fermata / arresto;Conducente;M;Illeso;0;;Utilizzato;Inesploso
4037443;1;12/10/2018 20:00:00;Strada Urbana;VIA CRISTOFORO COLOMBO;da specificare;;;;all'altezza VIA MARCO POLO;Tamponamento Multiplo;Rettilineo;Una carreggiata a senso unico di marcia;Asciutto;Asfaltata;Verticale ed orizzontale;Sereno;Intenso;Buona;Sufficiente;0;0;0;4;12.4121;41.786;-1;1;Autovettura privata;In marcia / fermata / arresto;Conducente;M;Illeso;0;;Non accertato;Inesploso
4037443;1;12/10/2018 20:00:00;Strada Urbana;VIA CRISTOFORO COLOMBO;da specificare;;;;all'altezza VIA MARCO POLO;Tamponamento Multiplo;Rettilineo;Una carreggiata a senso unico di marcia;Asciutto;Asfaltata;Verticale ed orizzontale;Sereno;Intenso;Buona;Sufficiente;0;0;0;4;12.4121;41.786;-1;1;Autovettura privata;In marcia / fermata / arresto;Passeggero;M;Illeso;0;;Non accertato;Inesploso
4037443;1;12/10/2018 20:00:00;Strada Urbana;VIA CRISTOFORO COLOMBO;da specificare;;;;all'altezza VIA MARCO POLO;Tamponamento Multiplo;Rettilineo;Una carreggiata a senso unico di marcia;Asciutto;Asfaltata;Verticale ed orizzontale;Sereno;Intenso;Buona;Sufficiente;0;0;0;4;12.4121;41.786;-1;2;Autovettura privata;In marcia / fermata / arresto;Conducente;M;Illeso;0;;Non accertato;Inesploso
4037443;1;12/10/2018 20:00:00;Strada Urbana;VIA CRISTOFORO COLOMBO;da specificare;;;;all'altezza VIA MARCO POLO;Tamponamento Multiplo;Rettilineo;Una carreggiata a senso unico di marcia;Asciutto;Asfaltata;Verticale ed orizzontale;Sereno;Intenso;Buona;Sufficiente;0;0;0;4;12.4121;41.786;-1;3;Autovettura privata;In marcia / fermata / arresto;Conducente;M;Illeso;0;;Non accertato;Inesploso
4037453;1;13/10/2018 11:35:00;Strada Urbana;PASSEGGIATA DEL GIANICOLO;in corrispondenza;;del civico n.;albero n.226;;Veicolo in marcia contro veicoli in sosta;Rettilineo;Una carreggiata a doppio senso;Asciutto;Asfaltata;Verticale ed orizzontale;Sereno;Normale;Buona;Ore Diurne;0;0;0;1;12.4603;41.8931;-1;1;Autovettura privata;In marcia / fermata / arresto;Conducente;M;Illeso;0;;Non accertato;Inesploso
4037473;11;15/10/2018 09:45:00;Strada Urbana;VIA TESSALONICA;in prossimità;;del civico n.;21;;Veicolo in marcia contro veicolo in sosta;Rettilineo;Una carreggiata a senso unico di marcia;Asciutto;Asfaltata;Verticale ed orizzontale;Sereno;Scarso;Buona;Ore Diurne;0;0;0;1;12.4763;41.8557;-1;1;Autovettura privata;In marcia / fermata / arresto;Conducente;F;Illeso;0;;Non accertato;Inesploso
4037477;6;15/10/2018 12:10:00;Strada Urbana;VIA CASILINA;in prossimità;;del civico n.;348 ;;Tamponamento Multiplo;Rettilineo;Due carreggiate;Asciutto;Asfaltata;Verticale ed orizzontale;Sereno;Normale;Buona;Ore Diurne;2;0;0;2;12.5403;41.8808;-1;1;Autocarro inferiore 35 q.;In marcia / fermata / arresto;Conducente;M;Illeso;0;;Non accertato;Inesploso
4037477;6;15/10/2018 12:10:00;Strada Urbana;VIA CASILINA;in prossimità;;del civico n.;348 ;;Tamponamento Multiplo;Rettilineo;Due carreggiate;Asciutto;Asfaltata;Verticale ed orizzontale;Sereno;Normale;Buona;Ore Diurne;2;0;0;2;12.5403;41.8808;-1;2;Autovettura privata;In marcia / fermata / arresto;Conducente;M;Illeso;0;;Non accertato;Inesploso
4037477;6;15/10/2018 12:10:00;Strada Urbana;VIA CASILINA;in prossimità;;del civico n.;348 ;;Tamponamento Multiplo;Rettilineo;Due carreggiate;Asciutto;Asfaltata;Verticale ed orizzontale;Sereno;Normale;Buona;Ore Diurne;2;0;0;2;12.5403;41.8808;-1;3;Autovettura privata;In marcia / fermata / arresto;Conducente;M;Rifiuta cure immediate;0;NON DECEDUTO;Non accertato;Esploso
4037477;6;15/10/2018 12:10:00;Strada Urbana;VIA CASILINA;in prossimità;;del civico n.;348 ;;Tamponamento Multiplo;Rettilineo;Due carreggiate;Asciutto;Asfaltata;Verticale ed orizzontale;Sereno;Normale;Buona;Ore Diurne;2;0;0;2;12.5403;41.8808;-1;3;Autovettura privata;In marcia / fermata / arresto;Passeggero;F;Rifiuta cure immediate;0;NON DECEDUTO;Non accertato;Esploso
4037524;17;13/10/2018 20:40:00;Strada Urbana;VIALE DELLE MILIZIE;da specificare;;;;altezza via Carlo Alberto Dalla Chiesa;Scontro frontale/laterale SX fra veicoli in marcia;Rettilineo;Più di due carreggiate;Asciutto;Asfaltata;Verticale ed orizzontale;Sereno;Scarso;Buona;Sufficiente;0;0;0;5;12.4619;41.9122;-1;1;Autovettura privata;In marcia / fermata / arresto;Conducente;M;Illeso;0;;;
4037524;17;13/10/2018 20:40:00;Strada Urbana;VIALE DELLE MILIZIE;da specificare;;;;altezza via Carlo Alberto Dalla Chiesa;Scontro frontale/laterale SX fra veicoli in marcia;Rettilineo;Più di due carreggiate;Asciutto;Asfaltata;Verticale ed orizzontale;Sereno;Scarso;Buona;Sufficiente;0;0;0;5;12.4619;41.9122;-1;2;Autovettura privata;In marcia / fermata / arresto;Conducente;F;Illeso;0;;;
4037524;17;13/10/2018 20:40:00;Strada Urbana;VIALE DELLE MILIZIE;da specificare;;;;altezza via Carlo Alberto Dalla Chiesa;Scontro frontale/laterale SX fra veicoli in marcia;Rettilineo;Più di due carreggiate;Asciutto;Asfaltata;Verticale ed orizzontale;Sereno;Scarso;Buona;Sufficiente;0;0;0;5;12.4619;41.9122;-1;2;Autovettura privata;In marcia / fermata / arresto;Passeggero;M;Illeso;0;;;
4037524;17;13/10/2018 20:40:00;Strada Urbana;VIALE DELLE MILIZIE;da specificare;;;;altezza via Carlo Alberto Dalla Chiesa;Scontro frontale/laterale SX fra veicoli in marcia;Rettilineo;Più di due carreggiate;Asciutto;Asfaltata;Verticale ed orizzontale;Sereno;Scarso;Buona;Sufficiente;0;0;0;5;12.4619;41.9122;-1;2;Autovettura privata;In marcia / fermata / arresto;Passeggero;F;Illeso;0;;;
4037524;17;13/10/2018 20:40:00;Strada Urbana;VIALE DELLE MILIZIE;da specificare;;;;altezza via Carlo Alberto Dalla Chiesa;Scontro frontale/laterale SX fra veicoli in marcia;Rettilineo;Più di due carreggiate;Asciutto;Asfaltata;Verticale ed orizzontale;Sereno;Scarso;Buona;Sufficiente;0;0;0;5;12.4619;41.9122;-1;2;Autovettura privata;In marcia / fermata / arresto;Passeggero;M;Illeso;0;;;
4037542;3;13/10/2018 12:45:00;Strada Urbana;CIRCONVALLAZIONE TIBURTINA;da specificare;;;;altezza semaforo immissione A 24 dir S. giovanni;Tamponamento;Rettilineo;Una carreggiata a senso unico di marcia;Asciutto;Asfaltata;Verticale ed orizzontale;Sereno;Intenso;Buona;Ore Diurne;0;0;0;3;12.528;41.8994;-1;1;Autovettura privata;In marcia / fermata / arresto;Conducente;M;Illeso;0;;;
4037542;3;13/10/2018 12:45:00;Strada Urbana;CIRCONVALLAZIONE TIBURTINA;da specificare;;;;altezza semaforo immissione A 24 dir S. giovanni;Tamponamento;Rettilineo;Una carreggiata a senso unico di marcia;Asciutto;Asfaltata;Verticale ed orizzontale;Sereno;Intenso;Buona;Ore Diurne;0;0;0;3;12.528;41.8994;-1;1;Autovettura privata;In marcia / fermata / arresto;Passeggero;M;Illeso;0;;Non accertato;
4037542;3;13/10/2018 12:45:00;Strada Urbana;CIRCONVALLAZIONE TIBURTINA;da specificare;;;;altezza semaforo immissione A 24 dir S. giovanni;Tamponamento;Rettilineo;Una carreggiata a senso unico di marcia;Asciutto;Asfaltata;Verticale ed orizzontale;Sereno;Intenso;Buona;Ore Diurne;0;0;0;3;12.528;41.8994;-1;2;Autovettura privata;In marcia / fermata / arresto;Conducente;F;Illeso;0;;;
4037554;5;15/10/2018 12:05:00;Strada Urbana;VIA DEL CASALE DI S. BASILIO;all'intersezione con;VIA PIEVE TORINA;VIA PIEVE TORINA;;;Scontro frontale/laterale DX fra veicoli in marcia;Incrocio;Una carreggiata a doppio senso;Asciutto;Asfaltata;Verticale ed orizzontale;Sereno;Normale;Buona;Ore Diurne;1;0;0;1;12.5845;41.9331;-1;1;Autocarro inferiore 35 q.;In marcia / fermata / arresto;Conducente;M;Illeso;0;;Non accertato;
4037554;5;15/10/2018 12:05:00;Strada Urbana;VIA DEL CASALE DI S. BASILIO;all'intersezione con;VIA PIEVE TORINA;VIA PIEVE TORINA;;;Scontro frontale/laterale DX fra veicoli in marcia;Incrocio;Una carreggiata a doppio senso;Asciutto;Asfaltata;Verticale ed orizzontale;Sereno;Normale;Buona;Ore Diurne;1;0;0;1;12.5845;41.9331;-1;2;Quadriciclo;In marcia / fermata / arresto;Conducente;F;Rimandato;0;NON DECEDUTO;Non accertato;
4037563;1;14/10/2018 04:00:00;Strada Urbana;VIALE MANZONI;da specificare;;;;PROSSIMITA VIA EMANUELE FILIBERTO;Tamponamento;Rettilineo;Una carreggiata a doppio senso;Asciutto;Asfaltata;Verticale ed orizzontale;Sereno;Scarso;Buona;Sufficiente;0;0;0;2;;;0;1;Autovettura privata;In marcia / fermata / arresto;Passeggero;M;Illeso;0;;;
4037563;1;14/10/2018 04:00:00;Strada Urbana;VIALE MANZONI;da specificare;;;;PROSSIMITA VIA EMANUELE FILIBERTO;Tamponamento;Rettilineo;Una carreggiata a doppio senso;Asciutto;Asfaltata;Verticale ed orizzontale;Sereno;Scarso;Buona;Sufficiente;0;0;0;2;;;0;1;Autovettura privata;In marcia / fermata / arresto;Conducente;M;Illeso;0;;Non accertato;Inesploso
4037576;1;14/10/2018 10:50:00;Strada Urbana;VIALE DELLE TERME DI CARACALLA;in prossimità;;del civico n.;55/A;;Infortunio per sola frenata improvvisa;Rettilineo;Una carreggiata a senso unico di marcia;Asciutto;Asfaltata;Verticale ed orizzontale;Sereno;Scarso;Buona;Ore Diurne;1;0;0;0;12.4953;41.8784;-1;1;Motociclo a solo;In marcia / fermata / arresto;Conducente;M;Ricoverato;0;NON DECEDUTO;Non accertato;
4037580;1;14/10/2018 16:00:00;Strada Urbana;VIA TORINO;all'intersezione con;VIA DEL VIMINALE;VIA DEL VIMINALE;;;Scontro laterale fra veicoli in marcia;Incrocio;Una carreggiata a senso unico di marcia;Asciutto;Asfaltata;Verticale;Sereno;Normale;Buona;Ore Diurne;0;0;0;3;12.4962;41.9005;-1;1;Autovettura privata;In marcia / fermata / arresto;Conducente;M;Illeso;0;;Non accertato;Inesploso
4037580;1;14/10/2018 16:00:00;Strada Urbana;VIA TORINO;all'intersezione con;VIA DEL VIMINALE;VIA DEL VIMINALE;;;Scontro laterale fra veicoli in marcia;Incrocio;Una carreggiata a senso unico di marcia;Asciutto;Asfaltata;Verticale;Sereno;Normale;Buona;Ore Diurne;0;0;0;3;12.4962;41.9005;-1;1;Autovettura privata;In marcia / fermata / arresto;Passeggero;F;Illeso;0;;Non accertato;Inesploso
4037580;1;14/10/2018 16:00:00;Strada Urbana;VIA TORINO;all'intersezione con;VIA DEL VIMINALE;VIA DEL VIMINALE;;;Scontro laterale fra veicoli in marcia;Incrocio;Una carreggiata a senso unico di marcia;Asciutto;Asfaltata;Verticale;Sereno;Normale;Buona;Ore Diurne;0;0;0;3;12.4962;41.9005;-1;2;Autovettura pubblica;In marcia / fermata / arresto;Conducente;M;Illeso;0;;Non accertato;Inesploso
4037651;17;14/10/2018 08:40:00;Strada Urbana;PIAZZA ADRIANA;in prossimità;;del civico n.;15;;Scontro laterale fra veicoli in marcia;Rettilineo;Una carreggiata a senso unico di marcia;Asciutto;Asfaltata;Verticale ed orizzontale;Sereno;Scarso;Buona;Ore Diurne;0;0;0;2;12.4649;41.9047;-1;1;Autovettura privata;In marcia / fermata / arresto;Conducente;M;Illeso;0;;;
4037651;17;14/10/2018 08:40:00;Strada Urbana;PIAZZA ADRIANA;in prossimità;;del civico n.;15;;Scontro laterale fra veicoli in marcia;Rettilineo;Una carreggiata a senso unico di marcia;Asciutto;Asfaltata;Verticale ed orizzontale;Sereno;Scarso;Buona;Ore Diurne;0;0;0;2;12.4649;41.9047;-1;2;Autovettura pubblica;In marcia / fermata / arresto;Conducente;M;Illeso;0;;;
4037661;3;13/10/2018 20:00:00;Strada Urbana;VIA RODOLFO LANCIANI;in prossimità;;del civico n.;9;;Investimento di pedone;Rettilineo;Una carreggiata a doppio senso;Asciutto;Asfaltata;Verticale;Sereno;Normale;Buona;Sufficiente;1;0;0;1;12.5213;41.9212;-1;;;;Pedone;M;Rimandato;0;NON DECEDUTO;;
4037661;3;13/10/2018 20:00:00;Strada Urbana;VIA RODOLFO LANCIANI;in prossimità;;del civico n.;9;;Investimento di pedone;Rettilineo;Una carreggiata a doppio senso;Asciutto;Asfaltata;Verticale;Sereno;Normale;Buona;Sufficiente;1;0;0;1;12.5213;41.9212;-1;1;Autovettura privata;In marcia / fermata / arresto;Conducente;M;Illeso;0;;;
4037676;15;15/10/2018 09:30:00;Strada Urbana;VIA DEL TRULLO;in corrispondenza;;del civico n.;284;;Scontro frontale/laterale SX fra veicoli in marcia;Rettilineo;Due carreggiate;Asciutto;Asfaltata;Verticale ed orizzontale;Sereno;Normale;Buona;Ore Diurne;0;0;0;2;12.4362;41.8442;-1;1;Autovettura privata;In marcia / fermata / arresto;Conducente;M;Illeso;0;;Non accertato;Inesploso
4037676;15;15/10/2018 09:30:00;Strada Urbana;VIA DEL TRULLO;in corrispondenza;;del civico n.;284;;Scontro frontale/laterale SX fra veicoli in marcia;Rettilineo;Due carreggiate;Asciutto;Asfaltata;Verticale ed orizzontale;Sereno;Normale;Buona;Ore Diurne;0;0;0;2;12.4362;41.8442;-1;2;Autovettura privata;In marcia / fermata / arresto;Conducente;M;Illeso;0;;Non accertato;Inesploso
4037678;17;14/10/2018 19:20:00;Strada Urbana;PIAZZA WALTER ROSSI;in corrispondenza;;del civico n.;2;;Veicolo in marcia contro veicolo fermo;Rotatoria;Una carreggiata a senso unico di marcia;Asciutto;Asfaltata;Verticale ed orizzontale;Sereno;Scarso;Sufficiente;Sufficiente;0;0;0;2;12.4434;41.9345;-1;1;Autovettura privata;In marcia / fermata / arresto;Conducente;M;Illeso;0;;;
4037678;17;14/10/2018 19:20:00;Strada Urbana;PIAZZA WALTER ROSSI;in corrispondenza;;del civico n.;2;;Veicolo in marcia contro veicolo fermo;Rotatoria;Una carreggiata a senso unico di marcia;Asciutto;Asfaltata;Verticale ed orizzontale;Sereno;Scarso;Sufficiente;Sufficiente;0;0;0;2;12.4434;41.9345;-1;2;Autovettura privata;In marcia / fermata / arresto;Conducente;M;Illeso;0;;;
4037688;7;15/10/2018 13:30:00;Strada Urbana;VIALE PALMIRO TOGLIATTI;all'intersezione con;PIAZZALE PINO PASCALI;PIAZZALE PINO PASCALI;;;Scontro frontale/laterale SX fra veicoli in marcia;Intersezione semaforizzata;Due carreggiate;Asciutto;Asfaltata;Verticale ed orizzontale;Sereno;Normale;Sufficiente;Ore Diurne;1;0;0;3;12.5733;41.8872;-1;1;Autobus di linea;In marcia / fermata / arresto;Conducente;M;Illeso;0;;Esente;Inesploso
4037688;7;15/10/2018 13:30:00;Strada Urbana;VIALE PALMIRO TOGLIATTI;all'intersezione con;PIAZZALE PINO PASCALI;PIAZZALE PINO PASCALI;;;Scontro frontale/laterale SX fra veicoli in marcia;Intersezione semaforizzata;Due carreggiate;Asciutto;Asfaltata;Verticale ed orizzontale;Sereno;Normale;Sufficiente;Ore Diurne;1;0;0;3;12.5733;41.8872;-1;1;Autobus di linea;In marcia / fermata / arresto;Passeggero;M;Rimandato;0;NON DECEDUTO;;
4037688;7;15/10/2018 13:30:00;Strada Urbana;VIALE PALMIRO TOGLIATTI;all'intersezione con;PIAZZALE PINO PASCALI;PIAZZALE PINO PASCALI;;;Scontro frontale/laterale SX fra veicoli in marcia;Intersezione semaforizzata;Due carreggiate;Asciutto;Asfaltata;Verticale ed orizzontale;Sereno;Normale;Sufficiente;Ore Diurne;1;0;0;3;12.5733;41.8872;-1;1;Autobus di linea;In marcia / fermata / arresto;Passeggero;M;Illeso;0;;;
4037688;7;15/10/2018 13:30:00;Strada Urbana;VIALE PALMIRO TOGLIATTI;all'intersezione con;PIAZZALE PINO PASCALI;PIAZZALE PINO PASCALI;;;Scontro frontale/laterale SX fra veicoli in marcia;Intersezione semaforizzata;Due carreggiate;Asciutto;Asfaltata;Verticale ed orizzontale;Sereno;Normale;Sufficiente;Ore Diurne;1;0;0;3;12.5733;41.8872;-1;2;Autovettura privata;In marcia / fermata / arresto;Conducente;M;Illeso;0;;Non accertato;Inesploso
4037691;9;15/10/2018 13:05:00;Strada Urbana;VIA BEATA MARIA DE MATTIAS;in prossimità;;del civico n.;10;;Veicolo in marcia contro veicolo arresto;Rettilineo;Una carreggiata a doppio senso;Asciutto;Asfaltata;Verticale ed orizzontale;Sereno;Normale;Buona;Ore Diurne;0;0;0;2;12.5025;41.8794;-1;1;Autovettura privata;In marcia / fermata / arresto;Conducente;M;Illeso;0;;Non accertato;Inesploso
4037691;9;15/10/2018 13:05:00;Strada Urbana;VIA BEATA MARIA DE MATTIAS;in prossimità;;del civico n.;10;;Veicolo in marcia contro veicolo arresto;Rettilineo;Una carreggiata a doppio senso;Asciutto;Asfaltata;Verticale ed orizzontale;Sereno;Normale;Buona;Ore Diurne;0;0;0;2;12.5025;41.8794;-1;2;Autovettura privata;In marcia / fermata / arresto;Conducente;M;Illeso;0;;;
4037698;15;15/10/2018 12:00:00;Strada Urbana;VICOLO DI PAPA LEONE;all'intersezione con;VIA DELL'IMBRECCIATO;VIA DELL'IMBRECCIATO;;;Scontro laterale fra veicoli in marcia;Intersezione non regolata/non segnalata;Una carreggiata a doppio senso;Asciutto;Asfaltata;Verticale ed orizzontale;Sereno;Normale;Buona;Ore Diurne;0;0;0;2;12.4448;41.8434;-1;1;Autocarro inferiore 35 q.;In marcia / fermata / arresto;Conducente;M;Illeso;0;;Utilizzato;Inesploso
4037698;15;15/10/2018 12:00:00;Strada Urbana;VICOLO DI PAPA LEONE;all'intersezione con;VIA DELL'IMBRECCIATO;VIA DELL'IMBRECCIATO;;;Scontro laterale fra veicoli in marcia;Intersezione non regolata/non segnalata;Una carreggiata a doppio senso;Asciutto;Asfaltata;Verticale ed orizzontale;Sereno;Normale;Buona;Ore Diurne;0;0;0;2;12.4448;41.8434;-1;2;Autovettura privata;In marcia / fermata / arresto;Conducente;F;Illeso;0;;Utilizzato;Inesploso
4037736;15;15/10/2018 08:00:00;Strada Urbana;VIA PORTUENSE;da specificare;;;;alt. Viadotto dir. Centro alt. rampa Newton;Tamponamento;Cavalcavia;Una carreggiata a senso unico di marcia;Asciutto;Asfaltata;Verticale;Sereno;Normale;Buona;Ore Diurne;1;0;0;0;12.414;41.847;-1;1;Motociclo a solo;In marcia / fermata / arresto;Conducente;M;Ricoverato;0;NON DECEDUTO;Utilizzato;
4037739;12;12/10/2018 07:00:00;Strada Urbana;VIA RENZO BERTANI;all'intersezione con;VIA LUIGI ALBERTINI;VIA LUIGI ALBERTINI;;;Scontro frontale/laterale DX fra veicoli in marcia;Incrocio;Due carreggiate;Asciutto;Asfaltata;Verticale ed orizzontale;Sereno;Scarso;Buona;Ore Diurne;0;0;0;2;12.4414;41.7754;-1;1;Autovettura privata;In marcia / fermata / arresto;Conducente;M;Illeso;0;;Non accertato;Inesploso
4037739;12;12/10/2018 07:00:00;Strada Urbana;VIA RENZO BERTANI;all'intersezione con;VIA LUIGI ALBERTINI;VIA LUIGI ALBERTINI;;;Scontro frontale/laterale DX fra veicoli in marcia;Incrocio;Due carreggiate;Asciutto;Asfaltata;Verticale ed orizzontale;Sereno;Scarso;Buona;Ore Diurne;0;0;0;2;12.4414;41.7754;-1;2;Autovettura privata;In marcia / fermata / arresto;Conducente;M;Illeso;0;;Non accertato;Inesploso
4037747;6;15/10/2018 14:45:00;Strada Urbana;VIA GUGLIELMO ALBIMONTE;all'intersezione con;VIA CONTE DI CARMAGNOLA;VIA CONTE DI CARMAGNOLA;;;Scontro laterale fra veicoli in marcia;Incrocio;Una carreggiata a senso unico di marcia;Asciutto;Asfaltata;Verticale ed orizzontale;Sereno;Normale;Buona;Ore Diurne;0;0;0;2;12.5332;41.8902;-1;1;Autovettura privata;In marcia / fermata / arresto;Conducente;M;Illeso;0;;Non accertato;Inesploso
4037747;6;15/10/2018 14:45:00;Strada Urbana;VIA GUGLIELMO ALBIMONTE;all'intersezione con;VIA CONTE DI CARMAGNOLA;VIA CONTE DI CARMAGNOLA;;;Scontro laterale fra veicoli in marcia;Incrocio;Una carreggiata a senso unico di marcia;Asciutto;Asfaltata;Verticale ed orizzontale;Sereno;Normale;Buona;Ore Diurne;0;0;0;2;12.5332;41.8902;-1;2;Autovettura privata;In marcia / fermata / arresto;Conducente;M;Illeso;0;;Non accertato;Inesploso
4037790;12;14/10/2018 01:00:00;Strada Urbana;PIAZZALE LUIGI STURZO;in prossimità;;del palo luce n.;3;;Veicolo in marcia contro veicolo in sosta;Rettilineo;Una carreggiata a senso unico di marcia;Asciutto;Asfaltata;Verticale ed orizzontale;Sereno;Normale;Sufficiente;Sufficiente;0;0;0;1;12.467;41.8347;-1;1;Autovettura privata;In marcia / fermata / arresto;Conducente;F;Illeso;0;;Non accertato;Inesploso
4037793;12;12/10/2018 10:15:00;Strada Urbana;VIA LAURENTINA;in prossimità;;del civico n.;575;;Scontro laterale fra veicoli in marcia;Pendenza;Due carreggiate;Asciutto;Asfaltata;Verticale ed orizzontale;Sereno;Intenso;Buona;Ore Diurne;0;0;0;2;12.4795;41.8235;-1;1;Motociclo a solo;In marcia / fermata / arresto;Conducente;F;Illeso;0;;Non accertato;
4037793;12;12/10/2018 10:15:00;Strada Urbana;VIA LAURENTINA;in prossimità;;del civico n.;575;;Scontro laterale fra veicoli in marcia;Pendenza;Due carreggiate;Asciutto;Asfaltata;Verticale ed orizzontale;Sereno;Intenso;Buona;Ore Diurne;0;0;0;2;12.4795;41.8235;-1;2;Autovettura di soccorso;In marcia / fermata / arresto;Conducente;M;Illeso;0;;Non accertato;Inesploso
4037829;3;14/10/2018 15:05:00;Strada Urbana;VIA GIOVANNI DA PROCIDA;all'intersezione con;VIA LORENZO IL MAGNIFICO;VIA LORENZO IL MAGNIFICO;;;Scontro frontale/laterale DX fra veicoli in marcia;Intersezione stradale segnalata;Una carreggiata a doppio senso;Asciutto;Asfaltata;Verticale ed orizzontale;Sereno;Normale;Buona;Ore Diurne;0;0;0;5;12.5251;41.9121;-1;1;Ciclomotore con passeggero;In marcia / fermata / arresto;Conducente;M;Illeso;0;;Non accertato;
4037829;3;14/10/2018 15:05:00;Strada Urbana;VIA GIOVANNI DA PROCIDA;all'intersezione con;VIA LORENZO IL MAGNIFICO;VIA LORENZO IL MAGNIFICO;;;Scontro frontale/laterale DX fra veicoli in marcia;Intersezione stradale segnalata;Una carreggiata a doppio senso;Asciutto;Asfaltata;Verticale ed orizzontale;Sereno;Normale;Buona;Ore Diurne;0;0;0;5;12.5251;41.9121;-1;1;Ciclomotore con passeggero;In marcia / fermata / arresto;Passeggero;M;Illeso;0;;Non accertato;