Protocollo;Gruppo;DataOraIncidente;Localizzazione1;STRADA1;Localizzazione2;STRADA2;Strada02;Chilometrica;DaSpecificare;NaturaIncidente;particolaritastrade;TipoStrada;FondoStradale;Pavimentazione;Segnaletica;CondizioneAtmosferica;Traffico;Visibilita;Illuminazione;NUM_FERITI;NUM_RISERVATA;NUM_MORTI;NUM_ILLESI;Longitudine;Latitudine;Confermato;Progressivo;TipoVeicolo;StatoVeicolo;TipoPersona;Sesso;Tipolesione;Deceduto;DecedutoDopo;CinturaCascoUtilizzato;Airbag;
4058492;13;27/10/2018 09:15:00;Strada Urbana;VIA PIETRO ROSA;all'intersezione con;CORSO REGINA MARIA PIA;CORSO REGINA MARIA PIA;;;Scontro frontale/laterale DX fra veicoli in marcia;Incrocio;Una carreggiata a senso unico di marcia;Asciutto;Asfaltata;Verticale ed orizzontale;Nuvoloso;Intenso;Buona;Ore Diurne;2;0;0;1;12.2845;41.7295;-1;1;Autovettura privata;In marcia / fermata / arresto;Conducente;F;Illeso;0;;Non accertato;Inesploso
4058492;13;27/10/2018 09:15:00;Strada Urbana;VIA PIETRO ROSA;all'intersezione con;CORSO REGINA MARIA PIA;CORSO REGINA MARIA PIA;;;Scontro frontale/laterale DX fra veicoli in marcia;Incrocio;Una carreggiata a senso unico di marcia;Asciutto;Asfaltata;Verticale ed orizzontale;Nuvoloso;Intenso;Buona;Ore Diurne;2;0;0;1;12.2845;41.7295;-1;2;Autovettura di polizia;In marcia / fermata / arresto;Conducente;M;Rimandato;0;NON DECEDUTO;Non accertato;Inesploso
4058492;13;27/10/2018 09:15:00;Strada Urbana;VIA PIETRO ROSA;all'intersezione con;CORSO REGINA MARIA PIA;CORSO REGINA MARIA PIA;;;Scontro frontale/laterale DX fra veicoli in marcia;Incrocio;Una carreggiata a senso unico di marcia;Asciutto;Asfaltata;Verticale ed orizzontale;Nuvoloso;Intenso;Buona;Ore Diurne;2;0;0;1;12.2845;41.7295;-1;2;Autovettura di polizia;In marcia / fermata / arresto;Passeggero;M;Rimandato;0;NON DECEDUTO;Non accertato;Inesploso
4058561;23;15/10/2018 14:35:00;Strada Urbana;VIA DI GROTTA PERFETTA;all'intersezione semaforizzata con;VIA ATTILIO AMBROSINI;VIA ATTILIO AMBROSINI;;;Investimento di pedone;Intersezione semaforizzata;Due carreggiate;Asciutto;Asfaltata;Verticale ed orizzontale;Sereno;Scarso;Buona;Ore Diurne;0;0;0;4;12.4879;41.8474;-1;;;;Pedone;F;Illeso;0;;;
4058561;23;15/10/2018 14:35:00;Strada Urbana;VIA DI GROTTA PERFETTA;all'intersezione semaforizzata con;VIA ATTILIO AMBROSINI;VIA ATTILIO AMBROSINI;;;Investimento di pedone;Intersezione semaforizzata;Due carreggiate;Asciutto;Asfaltata;Verticale ed orizzontale;Sereno;Scarso;Buona;Ore Diurne;0;0;0;4;12.4879;41.8474;-1;;;;Pedone;M;Illeso;0;;;
4058561;23;15/10/2018 14:35:00;Strada Urbana;VIA DI GROTTA PERFETTA;all'intersezione semaforizzata con;VIA ATTILIO AMBROSINI;VIA ATTILIO AMBROSINI;;;Investimento di pedone;Intersezione semaforizzata;Due carreggiate;Asciutto;Asfaltata;Verticale ed orizzontale;Sereno;Scarso;Buona;Ore Diurne;0;0;0;4;12.4879;41.8474;-1;;;;Pedone;M;Illeso;0;;;
4058561;23;15/10/2018 14:35:00;Strada Urbana;VIA DI GROTTA PERFETTA;all'intersezione semaforizzata con;VIA ATTILIO AMBROSINI;VIA ATTILIO AMBROSINI;;;Investimento di pedone;Intersezione semaforizzata;Due carreggiate;Asciutto;Asfaltata;Verticale ed orizzontale;Sereno;Scarso;Buona;Ore Diurne;0;0;0;4;12.4879;41.8474;-1;1;Motociclo a solo;In marcia / fermata / arresto;Conducente;M;Illeso;0;;Utilizzato;
4058580;19;26/10/2018 13:00:00;Strada Urbana;VIA MASSIMI;in corrispondenza;;del civico n.;114;;Scontro frontale/laterale DX fra veicoli in marcia;Rettilineo;Una carreggiata a doppio senso;Asciutto;Asfaltata;Verticale;Sereno;Normale;Buona;Ore Diurne;0;0;0;2;12.4399;41.9292;-1;1;Autovettura privata;In marcia / fermata / arresto;Conducente;M;Illeso;0;;Non accertato;Inesploso
4058580;19;26/10/2018 13:00:00;Strada Urbana;VIA MASSIMI;in corrispondenza;;del civico n.;114;;Scontro frontale/laterale DX fra veicoli in marcia;Rettilineo;Una carreggiata a doppio senso;Asciutto;Asfaltata;Verticale;Sereno;Normale;Buona;Ore Diurne;0;0;0;2;12.4399;41.9292;-1;2;Autovettura privata;In marcia / fermata / arresto;Conducente;M;Illeso;0;;Non accertato;Inesploso
4058603;19;26/10/2018 15:30:00;Strada Urbana;VIA DI VALLE AURELIA;da specificare;;;;Palo Acea 16;Tamponamento;Rettilineo;Una carreggiata a senso unico di marcia;Asciutto;Asfaltata;Orizzontale;Sereno;Normale;Buona;Ore Diurne;1;0;0;3;12.4334;41.9172;-1;1;Motociclo con passeggero;In marcia / fermata / arresto;Conducente;M;Illeso;0;;Non accertato;
4058603;19;26/10/2018 15:30:00;Strada Urbana;VIA DI VALLE AURELIA;da specificare;;;;Palo Acea 16;Tamponamento;Rettilineo;Una carreggiata a senso unico di marcia;Asciutto;Asfaltata;Orizzontale;Sereno;Normale;Buona;Ore Diurne;1;0;0;3;12.4334;41.9172;-1;1;Motociclo con passeggero;In marcia / fermata / arresto;Passeggero;M;Rimandato;0;NON DECEDUTO;Non accertato;
4058603;19;26/10/2018 15:30:00;Strada Urbana;VIA DI VALLE AURELIA;da specificare;;;;Palo Acea 16;Tamponamento;Rettilineo;Una carreggiata a senso unico di marcia;Asciutto;Asfaltata;Orizzontale;Sereno;Normale;Buona;Ore Diurne;1;0;0;3;12.4334;41.9172;-1;2;Autovettura privata;In marcia / fermata / arresto;Conducente;M;Illeso;0;;Non accertato;Inesploso
4058603;19;26/10/2018 15:30:00;Strada Urbana;VIA DI VALLE AURELIA;da specificare;;;;Palo Acea 16;Tamponamento;Rettilineo;Una carreggiata a senso unico di marcia;Asciutto;Asfaltata;Orizzontale;Sereno;Normale;Buona;Ore Diurne;1;0;0;3;12.4334;41.9172;-1;2;Autovettura privata;In marcia / fermata / arresto;Passeggero;M;Illeso;0;;Non accertato;Inesploso
4058634;19;26/10/2018 19:30:00;Strada Urbana;VIALE DELLE MEDAGLIE D'ORO;da specificare;;;;fronte civico 352;Veicolo in marcia contro veicolo fermo;Rettilineo;Una carreggiata a doppio senso;Asciutto;Asfaltata;Verticale ed orizzontale;Sereno;Normale;Buona;Sufficiente;0;0;0;2;12.4428;41.9168;-1;1;Autovettura privata;In marcia / fermata / arresto;Conducente;M;Illeso;0;;Non accertato;Inesploso
4058634;19;26/10/2018 19:30:00;Strada Urbana;VIALE DELLE MEDAGLIE D'ORO;da specificare;;;;fronte civico 352;Veicolo in marcia contro veicolo fermo;Rettilineo;Una carreggiata a doppio senso;Asciutto;Asfaltata;Verticale ed orizzontale;Sereno;Normale;Buona;Sufficiente;0;0;0;2;12.4428;41.9168;-1;2;Autovettura privata;In marcia / fermata / arresto;Conducente;M;Illeso;0;;;
4058681;19;27/10/2018 02:30:00;Strada Urbana;VIA DI BOCCEA;da specificare;;;;snc altezza Palo luce SPN 8CE 2009;Scontro frontale fra veicoli in marcia;Curva senza visuale libera;Una carreggiata a doppio senso;Asciutto;Asfaltata;Assente;Sereno;Scarso;Sufficiente;Sufficiente;2;0;0;0;12.3847;41.9149;-1;1;Autovettura privata;In marcia / fermata / arresto;Conducente;M;Ricoverato;0;NON DECEDUTO;Non accertato;Inesploso
4058681;19;27/10/2018 02:30:00;Strada Urbana;VIA DI BOCCEA;da specificare;;;;snc altezza Palo luce SPN 8CE 2009;Scontro frontale fra veicoli in marcia;Curva senza visuale libera;Una carreggiata a doppio senso;Asciutto;Asfaltata;Assente;Sereno;Scarso;Sufficiente;Sufficiente;2;0;0;0;12.3847;41.9149;-1;2;Autovettura privata;In marcia / fermata / arresto;Conducente;M;Rimandato;0;NON DECEDUTO;Non accertato;Esploso
4058682;10;26/10/2018 16:10:00;Strada Urbana;VIA MARIO BROGLIO;in corrispondenza;;del civico n.;50;;Tamponamento Multiplo;Rettilineo;Una carreggiata a doppio senso;Asciutto;Asfaltata;Verticale ed orizzontale;Sereno;Normale;Buona;Ore Diurne;1;0;0;3;12.5808;41.8336;-1;1;Autovettura privata;In marcia / fermata / arresto;Conducente;F;Illeso;0;;Non accertato;Inesploso
4058682;10;26/10/2018 16:10:00;Strada Urbana;VIA MARIO BROGLIO;in corrispondenza;;del civico n.;50;;Tamponamento Multiplo;Rettilineo;Una carreggiata a doppio senso;Asciutto;Asfaltata;Verticale ed orizzontale;Sereno;Normale;Buona;Ore Diurne;1;0;0;3;12.5808;41.8336;-1;2;Autovettura privata;In marcia / fermata / arresto;Conducente;F;Rimandato;0;NON DECEDUTO;Non accertato;Inesploso
4058682;10;26/10/2018 16:10:00;Strada Urbana;VIA MARIO BROGLIO;in corrispondenza;;del civico n.;50;;Tamponamento Multiplo;Rettilineo;Una carreggiata a doppio senso;Asciutto;Asfaltata;Verticale ed orizzontale;Sereno;Normale;Buona;Ore Diurne;1;0;0;3;12.5808;41.8336;-1;2;Autovettura privata;In marcia / fermata / arresto;Passeggero;F;Illeso;0;;Non accertato;Inesploso
4058682;10;26/10/2018 16:10:00;Strada Urbana;VIA MARIO BROGLIO;in corrispondenza;;del civico n.;50;;Tamponamento Multiplo;Rettilineo;Una carreggiata a doppio senso;Asciutto;Asfaltata;Verticale ed orizzontale;Sereno;Normale;Buona;Ore Diurne;1;0;0;3;12.5808;41.8336;-1;3;Autovettura privata;In marcia / fermata / arresto;Conducente;M;Illeso;0;;Non accertato;Inesploso
4058705;10;26/10/2018 16:30:00;Strada Urbana;VIA CALPURNIO FIAMMA;in corrispondenza;;del civico n.;31/a;;Scontro laterale fra veicoli in marcia;Rettilineo;Una carreggiata a senso unico di marcia;Asciutto;Asfaltata;Verticale ed orizzontale;Sereno;Intenso;Buona;Ore Diurne;0;0;0;2;12.5602;41.86;-1;1;Autovettura privata;In marcia / fermata / arresto;Conducente;M;Illeso;0;;Non accertato;Inesploso
4058705;10;26/10/2018 16:30:00;Strada Urbana;VIA CALPURNIO FIAMMA;in corrispondenza;;del civico n.;31/a;;Scontro laterale fra veicoli in marcia;Rettilineo;Una carreggiata a senso unico di marcia;Asciutto;Asfaltata;Verticale ed orizzontale;Sereno;Intenso;Buona;Ore Diurne;0;0;0;2;12.5602;41.86;-1;2;Autocarro inferiore 35 q.;In marcia / fermata / arresto;Conducente;M;Illeso;0;;Non accertato;Inesploso
4058766;10;26/10/2018 17:00:00;Strada Urbana;VIA TUSCOLANA;in corrispondenza;;del civico n.;681/c;;Scontro laterale fra veicoli in marcia;Rettilineo;Due carreggiate;Asciutto;Asfaltata;Verticale ed orizzontale;Sereno;Normale;Buona;Ore Diurne;0;0;0;3;12.5525;41.8623;-1;1;Autovettura privata;In marcia / fermata / arresto;Conducente;M;Illeso;0;;Non accertato;Inesploso
4058766;10;26/10/2018 17:00:00;Strada Urbana;VIA TUSCOLANA;in corrispondenza;;del civico n.;681/c;;Scontro laterale fra veicoli in marcia;Rettilineo;Due carreggiate;Asciutto;Asfaltata;Verticale ed orizzontale;Sereno;Normale;Buona;Ore Diurne;0;0;0;3;12.5525;41.8623;-1;1;Autovettura privata;In marcia / fermata / arresto;Passeggero;F;Illeso;0;;Non accertato;Inesistente
4058766;10;26/10/2018 17:00:00;Strada Urbana;VIA TUSCOLANA;in corrispondenza;;del civico n.;681/c;;Scontro laterale fra veicoli in marcia;Rettilineo;Due carreggiate;Asciutto;Asfaltata;Verticale ed orizzontale;Sereno;Normale;Buona;Ore Diurne;0;0;0;3;12.5525;41.8623;-1;2;Autovettura privata;In marcia / fermata / arresto;Conducente;F;Illeso;0;;Non accertato;Inesploso
4059270;9;26/10/2018 10:40:00;;PIAZZA DI S. MARIA AUSILIATRICE;da specificare;;;;fronte civ.60;Scontro frontale/laterale DX fra veicoli in marcia;;;;;;;;;;0;0;0;2;;;0;1;Autovettura privata;In marcia / fermata / arresto;Conducente;M;Illeso;0;;;
4059270;9;26/10/2018 10:40:00;;PIAZZA DI S. MARIA AUSILIATRICE;da specificare;;;;fronte civ.60;Scontro frontale/laterale DX fra veicoli in marcia;;;;;;;;;;0;0;0;2;;;0;2;Motociclo a solo;In marcia / fermata / arresto;Conducente;M;Illeso;0;;;
4059271;9;26/10/2018 16:40:00;Strada Urbana;VIA TOMMASO FORTIFIOCCA;all'intersezione con;VIA CARLO DENINA;VIA CARLO DENINA;;;Scontro frontale/laterale SX fra veicoli in marcia;Incrocio;Una carreggiata a doppio senso;Asciutto;Asfaltata;Verticale ed orizzontale;Sereno;Normale;Buona;Ore Diurne;0;0;0;2;12.5234;41.8701;-1;1;Autovettura privata;In marcia / fermata / arresto;Conducente;M;Illeso;0;;Non accertato;Inesploso
4059271;9;26/10/2018 16:40:00;Strada Urbana;VIA TOMMASO FORTIFIOCCA;all'intersezione con;VIA CARLO DENINA;VIA CARLO DENINA;;;Scontro frontale/laterale SX fra veicoli in marcia;Incrocio;Una carreggiata a doppio senso;Asciutto;Asfaltata;Verticale ed orizzontale;Sereno;Normale;Buona;Ore Diurne;0;0;0;2;12.5234;41.8701;-1;2;Autovettura privata;In marcia / fermata / arresto;Conducente;M;Illeso;0;;Non accertato;Inesploso
4059275;8;27/10/2018 11:35:00;Strada Urbana;VIA DI ROCCA CENCIA;all'intersezione con;VIA SELLIA;VIA SELLIA;;;Scontro frontale/laterale SX fra veicoli in marcia;Incrocio;Una carreggiata a doppio senso;Asciutto;Asfaltata;Verticale;Sereno;Normale;Buona;Ore Diurne;0;0;0;3;12.6904;41.8709;-1;1;Autovettura privata;In marcia / fermata / arresto;Conducente;M;Illeso;0;;Non accertato;Inesploso
4059275;8;27/10/2018 11:35:00;Strada Urbana;VIA DI ROCCA CENCIA;all'intersezione con;VIA SELLIA;VIA SELLIA;;;Scontro frontale/laterale SX fra veicoli in marcia;Incrocio;Una carreggiata a doppio senso;Asciutto;Asfaltata;Verticale;Sereno;Normale;Buona;Ore Diurne;0;0;0;3;12.6904;41.8709;-1;1;Autovettura privata;In marcia / fermata / arresto;Passeggero;F;Illeso;0;;Non accertato;Inesploso
4059275;8;27/10/2018 11:35:00;Strada Urbana;VIA DI ROCCA CENCIA;all'intersezione con;VIA SELLIA;VIA SELLIA;;;Scontro frontale/laterale SX fra veicoli in marcia;Incrocio;Una carreggiata a doppio senso;Asciutto;Asfaltata;Verticale;Sereno;Normale;Buona;Ore Diurne;0;0;0;3;12.6904;41.8709;-1;2;Autocarro inferiore 35 q.;In marcia / fermata / arresto;Conducente;M;Illeso;0;;Non accertato;Inesploso
4059276;9;26/10/2018 18:10:00;Strada Urbana;PIAZZA RAGUSA;in corrispondenza;;del civico n.;32;;Investimento di pedone;Rotatoria;Una carreggiata a senso unico di marcia;Asciutto;Asfaltata;Assente;Sereno;Intenso;Sufficiente;Sufficiente;1;0;0;2;12.5233;41.8813;-1;;;;Pedone;F;Rimandato;0;NON DECEDUTO;;
4059276;9;26/10/2018 18:10:00;Strada Urbana;PIAZZA RAGUSA;in corrispondenza;;del civico n.;32;;Investimento di pedone;Rotatoria;Una carreggiata a senso unico di marcia;Asciutto;Asfaltata;Assente;Sereno;Intenso;Sufficiente;Sufficiente;1;0;0;2;12.5233;41.8813;-1;1;Autovettura privata;In marcia / fermata / arresto;Conducente;M;Illeso;0;;Non accertato;Inesploso
4059276;9;26/10/2018 18:10:00;Strada Urbana;PIAZZA RAGUSA;in corrispondenza;;del civico n.;32;;Investimento di pedone;Rotatoria;Una carreggiata a senso unico di marcia;Asciutto;Asfaltata;Assente;Sereno;Intenso;Sufficiente;Sufficiente;1;0;0;2;12.5233;41.8813;-1;1;Autovettura privata;In marcia / fermata / arresto;Passeggero;F;Illeso;0;;Non accertato;Inesploso
4059281;13;27/10/2018 12:45:00;Strada Urbana;VIA DI MALAFEDE;da specificare;;;;50 m dopo V. Troisi (dir. Via Ostiense);Veicolo in marcia contro ostacolo accidentale;Rettilineo;Una carreggiata a doppio senso;Asciutto;Asfaltata;Verticale ed orizzontale;Sereno;Normale;Sufficiente;Ore Diurne;0;0;0;2;12.4031;41.7687;-1;1;Autovettura privata;In marcia / fermata / arresto;Conducente;M;Illeso;0;;;
4059281;13;27/10/2018 12:45:00;Strada Urbana;VIA DI MALAFEDE;da specificare;;;;50 m dopo V. Troisi (dir. Via Ostiense);Veicolo in marcia contro ostacolo accidentale;Rettilineo;Una carreggiata a doppio senso;Asciutto;Asfaltata;Verticale ed orizzontale;Sereno;Normale;Sufficiente;Ore Diurne;0;0;0;2;12.4031;41.7687;-1;1;Autovettura privata;In marcia / fermata / arresto;Passeggero;M;Illeso;0;;;
4059282;8;27/10/2018 12:45:00;Strada Urbana;VIA PAGANI;all'intersezione con;VIA CARINOLA;VIA CARINOLA;;;Veicolo in marcia contro ostacolo accidentale;Incrocio;Una carreggiata a senso unico di marcia;Asciutto;Asfaltata;Verticale;Vento forte;Normale;Buona;Ore Diurne;0;0;0;1;12.6315;41.8934;-1;1;Autovettura privata;In marcia / fermata / arresto;Conducente;F;Illeso;0;;;
4059283;13;27/10/2018 21:45:00;Statale;VIA DEL MARE;in corrispondenza;;della chilometrica;22.4;;Veicolo in marcia contro ostacolo accidentale;Rettilineo;Più di due carreggiate;Asciutto;Asfaltata;Orizzontale;Vento forte;Normale;Buona;Inesistente;0;0;0;1;12.4632;41.8403;-1;1;Autovettura privata;In marcia / fermata / arresto;Conducente;M;Illeso;0;;;
4059286;13;27/10/2018 23:45:00;Strada Urbana;LUNGOMARE DUILIO;all'intersezione con;VIALE DELLA VITTORIA;VIALE DELLA VITTORIA;;;Veicolo in marcia contro ostacolo fisso;Rotatoria;Due carreggiate;Asciutto;Asfaltata;Verticale ed orizzontale;Vento forte;Scarso;Buona;Sufficiente;0;0;0;1;12.2988;41.721;0;1;Autovettura privata;In marcia / fermata / arresto;Conducente;M;Illeso;0;;;
4059289;9;27/10/2018 01:00:00;Strada Urbana;VIA TUSCOLANA;in prossimità;;del civico n.;942;;Scontro laterale fra veicoli in marcia;Rettilineo;Due carreggiate;Asciutto;Asfaltata;Verticale ed orizzontale;Sereno;Scarso;Sufficiente;Sufficiente;0;0;0;4;12.5519;41.8622;-1;1;Autovettura privata;In marcia / fermata / arresto;Conducente;M;Illeso;0;;Non accertato;Inesploso
4059289;9;27/10/2018 01:00:00;Strada Urbana;VIA TUSCOLANA;in prossimità;;del civico n.;942;;Scontro laterale fra veicoli in marcia;Rettilineo;Due carreggiate;Asciutto;Asfaltata;Verticale ed orizzontale;Sereno;Scarso;Sufficiente;Sufficiente;0;0;0;4;12.5519;41.8622;-1;2;Autovettura privata;In marcia / fermata / arresto;Conducente;M;Illeso;0;;Non accertato;Inesploso
4059289;9;27/10/2018 01:00:00;Strada Urbana;VIA TUSCOLANA;in prossimità;;del civico n.;942;;Scontro laterale fra veicoli in marcia;Rettilineo;Due carreggiate;Asciutto;Asfaltata;Verticale ed orizzontale;Sereno;Scarso;Sufficiente;Sufficiente;0;0;0;4;12.5519;41.8622;-1;2;Autovettura privata;In marcia / fermata / arresto;Passeggero;F;Illeso;0;;Non accertato;Inesploso
4059289;9;27/10/2018 01:00:00;Strada Urbana;VIA TUSCOLANA;in prossimità;;del civico n.;942;;Scontro laterale fra veicoli in marcia;Rettilineo;Due carreggiate;Asciutto;Asfaltata;Verticale ed orizzontale;Sereno;Scarso;Sufficiente;Sufficiente;0;0;0;4;12.5519;41.8622;-1;2;Autovettura privata;In marcia / fermata / arresto;Passeggero;M;Illeso;0;;Non accertato;Inesploso
4059292;13;27/10/2018 19:10:00;Strada Urbana;VIA DELLE QUINQUEREMI;all'intersezione con;VIA DEL BUCINTORO;VIA DEL BUCINTORO;;;Scontro frontale/laterale SX fra veicoli in marcia;Intersezione stradale segnalata;Una carreggiata a doppio senso;Bagnato (pioggia);Asfaltata;Verticale ed orizzontale;Vento forte;Scarso;Buona;Sufficiente;1;0;0;3;12.2969;41.7231;-1;1;Autovettura privata;In marcia / fermata / arresto;Conducente;M;Illeso;0;;;
4059292;13;27/10/2018 19:10:00;Strada Urbana;VIA DELLE QUINQUEREMI;all'intersezione con;VIA DEL BUCINTORO;VIA DEL BUCINTORO;;;Scontro frontale/laterale SX fra veicoli in marcia;Intersezione stradale segnalata;Una carreggiata a doppio senso;Bagnato (pioggia);Asfaltata;Verticale ed orizzontale;Vento forte;Scarso;Buona;Sufficiente;1;0;0;3;12.2969;41.7231;-1;1;Autovettura privata;In marcia / fermata / arresto;Passeggero;F;Illeso;0;;Non accertato;
4059292;13;27/10/2018 19:10:00;Strada Urbana;VIA DELLE QUINQUEREMI;all'intersezione con;VIA DEL BUCINTORO;VIA DEL BUCINTORO;;;Scontro frontale/laterale SX fra veicoli in marcia;Intersezione stradale segnalata;Una carreggiata a doppio senso;Bagnato (pioggia);Asfaltata;Verticale ed orizzontale;Vento forte;Scarso;Buona;Sufficiente;1;0;0;3;12.2969;41.7231;-1;1;Autovettura privata;In marcia / fermata / arresto;Passeggero;M;Rimandato;0;NON DECEDUTO;Non accertato;Esploso
4059292;13;27/10/2018 19:10:00;Strada Urbana;VIA DELLE QUINQUEREMI;all'intersezione con;VIA DEL BUCINTORO;VIA DEL BUCINTORO;;;Scontro frontale/laterale SX fra veicoli in marcia;Intersezione stradale segnalata;Una carreggiata a doppio senso;Bagnato (pioggia);Asfaltata;Verticale ed orizzontale;Vento forte;Scarso;Buona;Sufficiente;1;0;0;3;12.2969;41.7231;-1;2;Autovettura privata;In marcia / fermata / arresto;Conducente;M;Illeso;0;;;
4059293;13;28/10/2018 02:15:00;Strada Urbana;VIALE DEI ROMAGNOLI;da specificare;;;;20 m dopo Viadotto Zelia Nuttal - dir. Ostia;Veicolo in marcia contro ostacolo accidentale;Rettilineo;Una carreggiata a doppio senso;Asciutto;Asfaltata;Verticale ed orizzontale;Vento forte;Scarso;Buona;Sufficiente;0;0;0;1;12.3224;41.7691;-1;1;Autovettura privata;In marcia / fermata / arresto;Conducente;M;Illeso;0;;;
4059294;13;28/10/2018 03:15:00;Strada Urbana;VIA DELLA VERBENA;da specificare;;;;prossimità Viale Dei Romagnoli;Veicolo in marcia contro veicolo in sosta;Rettilineo;Una carreggiata a senso unico di marcia;Asciutto;Asfaltata;Verticale ed orizzontale;Vento forte;Scarso;Buona;Sufficiente;0;0;0;1;12.3625;41.7851;-1;1;Autovettura privata;In marcia / fermata / arresto;Conducente;M;Illeso;0;;;
4059302;9;27/10/2018 02:10:00;Strada Urbana;VIA METAPONTO;all'intersezione con;VIA MARRUVIO;VIA MARRUVIO;;;Scontro frontale/laterale DX fra veicoli in marcia;Incrocio;Due carreggiate;Asciutto;Asfaltata;Verticale ed orizzontale;Sereno;Scarso;Sufficiente;Sufficiente;0;0;0;3;12.5051;41.8818;-1;1;Autovettura privata;In marcia / fermata / arresto;Conducente;M;Illeso;0;;Non accertato;Inesploso
4059302;9;27/10/2018 02:10:00;Strada Urbana;VIA METAPONTO;all'intersezione con;VIA MARRUVIO;VIA MARRUVIO;;;Scontro frontale/laterale DX fra veicoli in marcia;Incrocio;Due carreggiate;Asciutto;Asfaltata;Verticale ed orizzontale;Sereno;Scarso;Sufficiente;Sufficiente;0;0;0;3;12.5051;41.8818;-1;1;Autovettura privata;In marcia / fermata / arresto;Passeggero;M;Illeso;0;;Non accertato;Inesploso
4059302;9;27/10/2018 02:10:00;Strada Urbana;VIA METAPONTO;all'intersezione con;VIA MARRUVIO;VIA MARRUVIO;;;Scontro frontale/laterale DX fra veicoli in marcia;Incrocio;Due carreggiate;Asciutto;Asfaltata;Verticale ed orizzontale;Sereno;Scarso;Sufficiente;Sufficiente;0;0;0;3;12.5051;41.8818;-1;2;Autovettura privata;Allontanatosi;Conducente;M;Illeso;0;;Non accertato;Inesploso
4059305;8;27/10/2018 13:50:00;;VIA CASILINA;all'intersezione con;VIA DELLE DUE TORRI;VIA DELLE DUE TORRI;;;Tamponamento;;;;;;;;;;1;0;0;2;12.9989;41.7442;0;1;Autovettura privata;In marcia / fermata / arresto;Conducente;F;Illeso;0;;Non accertato;Inesploso
4059305;8;27/10/2018 13:50:00;;VIA CASILINA;all'intersezione con;VIA DELLE DUE TORRI;VIA DELLE DUE TORRI;;;Tamponamento;;;;;;;;;;1;0;0;2;12.9989;41.7442;0;2;Autovettura privata;In marcia / fermata / arresto;Conducente;F;Rimandato;0;NON DECEDUTO;;
4059305;8;27/10/2018 13:50:00;;VIA CASILINA;all'intersezione con;VIA DELLE DUE TORRI;VIA DELLE DUE TORRI;;;Tamponamento;;;;;;;;;;1;0;0;2;12.9989;41.7442;0;2;Autovettura privata;In marcia / fermata / arresto;Passeggero;F;Illeso;0;;Non accertato;Inesploso
4059308;6;26/10/2018 19:25:00;Strada Urbana;PIAZZA DELLA MARRANELLA;da specificare;;;;fronte civico 1;Scontro laterale fra veicoli in marcia;Rettilineo;Una carreggiata a doppio senso;Asciutto;Asfaltata;Verticale ed orizzontale;Nuvoloso;Intenso;Sufficiente;Sufficiente;0;0;0;2;12.5423;41.8805;-1;1;Autovettura privata;In marcia / fermata / arresto;Conducente;F;Illeso;0;;;
4059308;6;26/10/2018 19:25:00;Strada Urbana;PIAZZA DELLA MARRANELLA;da specificare;;;;fronte civico 1;Scontro laterale fra veicoli in marcia;Rettilineo;Una carreggiata a doppio senso;Asciutto;Asfaltata;Verticale ed orizzontale;Nuvoloso;Intenso;Sufficiente;Sufficiente;0;0;0;2;12.5423;41.8805;-1;2;Autovettura privata;In marcia / fermata / arresto;Conducente;M;Illeso;0;;;
4059312;8;27/10/2018 20:15:00;;VIA LENTINI;in prossimità;;del civico n.;53;;Veicolo in marcia contro ostacolo accidentale;;;;;;;;;;0;0;0;1;;;0;1;Autovettura privata;In marcia / fermata / arresto;Conducente;M;Illeso;0;;;
4059314;9;27/10/2018 10:45:00;Strada Urbana;VIA DON FILIPPO RINALDI;da specificare;;;;fronte civ.30;Scontro laterale fra veicoli in marcia;Rettilineo;Una carreggiata a doppio senso;Asciutto;Asfaltata;Assente;Sereno;Scarso;Buona;Ore Diurne;0;0;0;2;12.5297;41.8763;-1;1;Autovettura privata;In marcia / fermata / arresto;Conducente;M;Illeso;0;;Non accertato;Inesploso
4059314;9;27/10/2018 10:45:00;Strada Urbana;VIA DON FILIPPO RINALDI;da specificare;;;;fronte civ.30;Scontro laterale fra veicoli in marcia;Rettilineo;Una carreggiata a doppio senso;Asciutto;Asfaltata;Assente;Sereno;Scarso;Buona;Ore Diurne;0;0;0;2;12.5297;41.8763;-1;2;Motociclo a solo;In marcia / fermata / arresto;Conducente;M;Illeso;0;;Non accertato;
4059316;8;28/10/2018 04:20:00;Statale entro l'abitato;VIA CASILINA;in corrispondenza;;del civico n.;1792;;Scontro frontale/laterale DX fra veicoli in marcia;Rettilineo;Una carreggiata a doppio senso;Bagnato (pioggia);Asfaltata;Verticale ed orizzontale;Nuvoloso;Scarso;Sufficiente;Sufficiente;1;0;0;2;12.6811;41.8629;-1;1;Autovettura privata;In marcia / fermata / arresto;Conducente;M;Illeso;0;;Non accertato;Inesploso
4059316;8;28/10/2018 04:20:00;Statale entro l'abitato;VIA CASILINA;in corrispondenza;;del civico n.;1792;;Scontro frontale/laterale DX fra veicoli in marcia;Rettilineo;Una carreggiata a doppio senso;Bagnato (pioggia);Asfaltata;Verticale ed orizzontale;Nuvoloso;Scarso;Sufficiente;Sufficiente;1;0;0;2;12.6811;41.8629;-1;1;Autovettura privata;In marcia / fermata / arresto;Passeggero;F;Rifiuta cure immediate;0;NON DECEDUTO;Non accertato;Inesploso