Protocollo;Gruppo;DataOraIncidente;Localizzazione1;STRADA1;Localizzazione2;STRADA2;Strada02;Chilometrica;DaSpecificare;NaturaIncidente;particolaritastrade;TipoStrada;FondoStradale;Pavimentazione;Segnaletica;CondizioneAtmosferica;Traffico;Visibilita;Illuminazione;NUM_FERITI;NUM_RISERVATA;NUM_MORTI;NUM_ILLESI;Longitudine;Latitudine;Confermato;Progressivo;TipoVeicolo;StatoVeicolo;TipoPersona;Sesso;Tipolesione;Deceduto;DecedutoDopo;CinturaCascoUtilizzato;Airbag;
4060642;19;28/10/2018 02:20:00;Strada Urbana;VIA DELLA PINETA SACCHETTI;all'intersezione con;VIA FRANCESCO MARCONI;VIA FRANCESCO MARCONI;;;Tamponamento;Incrocio;Una carreggiata a doppio senso;Bagnato (umidità in atto);Asfaltata;Verticale ed orizzontale;Nuvoloso;Scarso;Buona;Sufficiente;0;0;0;3;12.425;41.924;-1;1;Autovettura privata;In marcia / fermata / arresto;Conducente;M;Illeso;0;;;
4060642;19;28/10/2018 02:20:00;Strada Urbana;VIA DELLA PINETA SACCHETTI;all'intersezione con;VIA FRANCESCO MARCONI;VIA FRANCESCO MARCONI;;;Tamponamento;Incrocio;Una carreggiata a doppio senso;Bagnato (umidità in atto);Asfaltata;Verticale ed orizzontale;Nuvoloso;Scarso;Buona;Sufficiente;0;0;0;3;12.425;41.924;-1;2;Autovettura privata;In marcia / fermata / arresto;Conducente;M;Illeso;0;;;
4060642;19;28/10/2018 02:20:00;Strada Urbana;VIA DELLA PINETA SACCHETTI;all'intersezione con;VIA FRANCESCO MARCONI;VIA FRANCESCO MARCONI;;;Tamponamento;Incrocio;Una carreggiata a doppio senso;Bagnato (umidità in atto);Asfaltata;Verticale ed orizzontale;Nuvoloso;Scarso;Buona;Sufficiente;0;0;0;3;12.425;41.924;-1;2;Autovettura privata;In marcia / fermata / arresto;Passeggero;M;Illeso;0;;;
4060669;19;27/10/2018 19:30:00;Strada Urbana;VIA DELLA STORTA;all'intersezione con;VIA CHERASCO;VIA CHERASCO;;;Scontro frontale/laterale DX fra veicoli in marcia;Incrocio;Una carreggiata a doppio senso;Asciutto;Asfaltata;Verticale ed orizzontale;Sereno;Scarso;Buona;Sufficiente;1;0;0;2;12.3488;41.941;-1;1;Quadriciclo leggero;In marcia / fermata / arresto;Conducente;M;Rimandato;0;NON DECEDUTO;;
4060669;19;27/10/2018 19:30:00;Strada Urbana;VIA DELLA STORTA;all'intersezione con;VIA CHERASCO;VIA CHERASCO;;;Scontro frontale/laterale DX fra veicoli in marcia;Incrocio;Una carreggiata a doppio senso;Asciutto;Asfaltata;Verticale ed orizzontale;Sereno;Scarso;Buona;Sufficiente;1;0;0;2;12.3488;41.941;-1;2;Autovettura privata;In marcia / fermata / arresto;Conducente;M;Illeso;0;;;
4060669;19;27/10/2018 19:30:00;Strada Urbana;VIA DELLA STORTA;all'intersezione con;VIA CHERASCO;VIA CHERASCO;;;Scontro frontale/laterale DX fra veicoli in marcia;Incrocio;Una carreggiata a doppio senso;Asciutto;Asfaltata;Verticale ed orizzontale;Sereno;Scarso;Buona;Sufficiente;1;0;0;2;12.3488;41.941;-1;3;Autovettura privata;In marcia / fermata / arresto;Conducente;M;Illeso;0;;;
4060670;5;27/10/2018 17:20:00;Strada Urbana;VIA TIBURTINA;da specificare;;;;IN CORRISPONDENZA DEL CAVALCAVIA PONTE MAMMOLO DIR;Tamponamento;Rettilineo;Due carreggiate;Asciutto;Asfaltata;Verticale ed orizzontale;Vento forte;Scarso;Buona;Ore Diurne;1;0;0;4;12.5739;41.9257;-1;1;Autovettura privata;In marcia / fermata / arresto;Conducente;M;Rimandato;0;NON DECEDUTO;Non accertato;Inesploso
4060670;5;27/10/2018 17:20:00;Strada Urbana;VIA TIBURTINA;da specificare;;;;IN CORRISPONDENZA DEL CAVALCAVIA PONTE MAMMOLO DIR;Tamponamento;Rettilineo;Due carreggiate;Asciutto;Asfaltata;Verticale ed orizzontale;Vento forte;Scarso;Buona;Ore Diurne;1;0;0;4;12.5739;41.9257;-1;1;Autovettura privata;In marcia / fermata / arresto;Passeggero;F;Illeso;0;;Non accertato;Inesploso
4060670;5;27/10/2018 17:20:00;Strada Urbana;VIA TIBURTINA;da specificare;;;;IN CORRISPONDENZA DEL CAVALCAVIA PONTE MAMMOLO DIR;Tamponamento;Rettilineo;Due carreggiate;Asciutto;Asfaltata;Verticale ed orizzontale;Vento forte;Scarso;Buona;Ore Diurne;1;0;0;4;12.5739;41.9257;-1;2;Autocarro inferiore 35 q.;In marcia / fermata / arresto;Conducente;M;Illeso;0;;Non accertato;Inesploso
4060670;5;27/10/2018 17:20:00;Strada Urbana;VIA TIBURTINA;da specificare;;;;IN CORRISPONDENZA DEL CAVALCAVIA PONTE MAMMOLO DIR;Tamponamento;Rettilineo;Due carreggiate;Asciutto;Asfaltata;Verticale ed orizzontale;Vento forte;Scarso;Buona;Ore Diurne;1;0;0;4;12.5739;41.9257;-1;2;Autocarro inferiore 35 q.;In marcia / fermata / arresto;Passeggero;M;Illeso;0;;Non accertato;Inesploso
4060670;5;27/10/2018 17:20:00;Strada Urbana;VIA TIBURTINA;da specificare;;;;IN CORRISPONDENZA DEL CAVALCAVIA PONTE MAMMOLO DIR;Tamponamento;Rettilineo;Due carreggiate;Asciutto;Asfaltata;Verticale ed orizzontale;Vento forte;Scarso;Buona;Ore Diurne;1;0;0;4;12.5739;41.9257;-1;2;Autocarro inferiore 35 q.;In marcia / fermata / arresto;Passeggero;M;Illeso;0;;Non accertato;Inesploso
4060677;1;27/10/2018 12:40:00;Strada Urbana;VIA DI S. MARIA IN COSMEDIN;in corrispondenza;;del civico n.;1;;Investimento di pedone;Rettilineo;Una carreggiata a doppio senso;Asciutto;Asfaltata;Verticale ed orizzontale;Nuvoloso;Normale;Buona;Ore Diurne;1;0;0;2;12.481;41.8877;-1;;;;Pedone;F;Rimandato;0;NON DECEDUTO;;
4060677;1;27/10/2018 12:40:00;Strada Urbana;VIA DI S. MARIA IN COSMEDIN;in corrispondenza;;del civico n.;1;;Investimento di pedone;Rettilineo;Una carreggiata a doppio senso;Asciutto;Asfaltata;Verticale ed orizzontale;Nuvoloso;Normale;Buona;Ore Diurne;1;0;0;2;12.481;41.8877;-1;1;Autobus urbano;In marcia / fermata / arresto;Conducente;M;Illeso;0;;Non accertato;Inesploso
4060677;1;27/10/2018 12:40:00;Strada Urbana;VIA DI S. MARIA IN COSMEDIN;in corrispondenza;;del civico n.;1;;Investimento di pedone;Rettilineo;Una carreggiata a doppio senso;Asciutto;Asfaltata;Verticale ed orizzontale;Nuvoloso;Normale;Buona;Ore Diurne;1;0;0;2;12.481;41.8877;-1;1;Autobus urbano;In marcia / fermata / arresto;Passeggero;F;Illeso;0;;Esente;Inesistente
4060678;9;28/10/2018 21:30:00;Strada Urbana;VIALE FURIO CAMILLO;all'intersezione con;VIA MUZIO SCEVOLA;VIA MUZIO SCEVOLA;;;Scontro frontale/laterale DX fra veicoli in marcia;Intersezione stradale segnalata;Due carreggiate;Bagnato (umidità in atto);Asfaltata;Verticale ed orizzontale;Nuvoloso;Scarso;Sufficiente;Sufficiente;0;0;0;3;12.525;41.8763;-1;1;Autovettura privata;In marcia / fermata / arresto;Conducente;M;Illeso;0;;Non accertato;Inesploso
4060678;9;28/10/2018 21:30:00;Strada Urbana;VIALE FURIO CAMILLO;all'intersezione con;VIA MUZIO SCEVOLA;VIA MUZIO SCEVOLA;;;Scontro frontale/laterale DX fra veicoli in marcia;Intersezione stradale segnalata;Due carreggiate;Bagnato (umidità in atto);Asfaltata;Verticale ed orizzontale;Nuvoloso;Scarso;Sufficiente;Sufficiente;0;0;0;3;12.525;41.8763;-1;1;Autovettura privata;In marcia / fermata / arresto;Passeggero;F;Illeso;0;;Non accertato;Inesploso
4060678;9;28/10/2018 21:30:00;Strada Urbana;VIALE FURIO CAMILLO;all'intersezione con;VIA MUZIO SCEVOLA;VIA MUZIO SCEVOLA;;;Scontro frontale/laterale DX fra veicoli in marcia;Intersezione stradale segnalata;Due carreggiate;Bagnato (umidità in atto);Asfaltata;Verticale ed orizzontale;Nuvoloso;Scarso;Sufficiente;Sufficiente;0;0;0;3;12.525;41.8763;-1;2;Autovettura privata;In marcia / fermata / arresto;Conducente;M;Illeso;0;;Non accertato;Inesploso
4060681;5;26/10/2018 15:30:00;;VIA FILIPPO MEDA;in prossimità;;del civico n.;144;;Scontro laterale fra veicoli in marcia;;;;;;;;;;2;0;0;0;;;0;1;Motociclo a solo;In marcia / fermata / arresto;Conducente;M;Rimandato;0;NON DECEDUTO;;
4060681;5;26/10/2018 15:30:00;;VIA FILIPPO MEDA;in prossimità;;del civico n.;144;;Scontro laterale fra veicoli in marcia;;;;;;;;;;2;0;0;0;;;0;1;Motociclo a solo;In marcia / fermata / arresto;Passeggero;M;Rimandato;0;NON DECEDUTO;;
4060690;19;27/10/2018 16:40:00;Strada Urbana;VIA PIETRO BEMBO;in prossimità;;del civico n.;53;;Investimento di pedone;Rettilineo;Una carreggiata a doppio senso;Asciutto;Asfaltata;Orizzontale;Nuvoloso;Scarso;Buona;Ore Diurne;1;0;0;1;12.412;41.9185;-1;;;;Pedone;M;Rifiuta cure immediate;0;NON DECEDUTO;;
4060690;19;27/10/2018 16:40:00;Strada Urbana;VIA PIETRO BEMBO;in prossimità;;del civico n.;53;;Investimento di pedone;Rettilineo;Una carreggiata a doppio senso;Asciutto;Asfaltata;Orizzontale;Nuvoloso;Scarso;Buona;Ore Diurne;1;0;0;1;12.412;41.9185;-1;1;Autovettura privata;In marcia / fermata / arresto;Conducente;M;Illeso;0;;Non accertato;Inesploso
4060707;6;28/10/2018 17:40:00;Strada Urbana;LARGO GALEAZZO ALESSI;da specificare;;;;fronte palo ACEA 3;Veicolo in marcia contro veicolo fermo;Rettilineo;Una carreggiata a doppio senso;Bagnato (pioggia);Asfaltata;Verticale ed orizzontale;Nuvoloso;Scarso;Buona;Insufficiente;0;0;0;2;12.5341;41.8819;-1;1;Autovettura privata;In marcia / fermata / arresto;Conducente;F;Illeso;0;;Non accertato;Inesploso
4060707;6;28/10/2018 17:40:00;Strada Urbana;LARGO GALEAZZO ALESSI;da specificare;;;;fronte palo ACEA 3;Veicolo in marcia contro veicolo fermo;Rettilineo;Una carreggiata a doppio senso;Bagnato (pioggia);Asfaltata;Verticale ed orizzontale;Nuvoloso;Scarso;Buona;Insufficiente;0;0;0;2;12.5341;41.8819;-1;2;Autovettura privata;In marcia / fermata / arresto;Conducente;M;Illeso;0;;Non accertato;Inesploso
4060708;8;28/10/2018 22:30:00;Strada Urbana;VIA DELL'ACQUA VERGINE;da specificare;;;;alt. Via COLLE DELLA VALENTINA;Fuoriuscita dalla sede stradale;Curva senza visuale libera;Una carreggiata a doppio senso;Bagnato (pioggia);Strada pavimentata dissestata;Assente;Nuvoloso;Scarso;Insufficiente;Insufficiente;1;0;0;0;12.6252;41.9001;0;1;Autovettura privata;In marcia / fermata / arresto;Conducente;F;Rimandato;0;NON DECEDUTO;Non accertato;Inesploso
4060711;5;27/10/2018 15:40:00;;VIA TIBURTINA;in corrispondenza;;del civico n.;1292;;Tamponamento;;;;;;;;;;1;0;0;0;;;0;2;Motociclo a solo;In marcia / fermata / arresto;Conducente;M;Rimandato;0;NON DECEDUTO;;
4060715;8;28/10/2018 18:25:00;;VIA DEL FOSSO DI S. MAURA;all'intersezione con;VIALE ANTONIO CIAMARRA;VIALE ANTONIO CIAMARRA;;;Scontro laterale fra veicoli in marcia;;;;;;;;;;0;0;0;4;;;0;1;Autovettura privata;In marcia / fermata / arresto;Conducente;M;Illeso;0;;;
4060715;8;28/10/2018 18:25:00;;VIA DEL FOSSO DI S. MAURA;all'intersezione con;VIALE ANTONIO CIAMARRA;VIALE ANTONIO CIAMARRA;;;Scontro laterale fra veicoli in marcia;;;;;;;;;;0;0;0;4;;;0;2;Autovettura privata;In marcia / fermata / arresto;Conducente;M;Illeso;0;;;
4060715;8;28/10/2018 18:25:00;;VIA DEL FOSSO DI S. MAURA;all'intersezione con;VIALE ANTONIO CIAMARRA;VIALE ANTONIO CIAMARRA;;;Scontro laterale fra veicoli in marcia;;;;;;;;;;0;0;0;4;;;0;2;Autovettura privata;In marcia / fermata / arresto;Passeggero;F;Illeso;0;;;
4060715;8;28/10/2018 18:25:00;;VIA DEL FOSSO DI S. MAURA;all'intersezione con;VIALE ANTONIO CIAMARRA;VIALE ANTONIO CIAMARRA;;;Scontro laterale fra veicoli in marcia;;;;;;;;;;0;0;0;4;;;0;2;Autovettura privata;In marcia / fermata / arresto;Passeggero;M;Illeso;0;;;
4060729;9;28/10/2018 12:05:00;Strada Urbana;VIA GELA;da specificare;;;;FRONTE CIVICO 23;Veicolo in marcia contro veicolo in sosta;Rettilineo;Una carreggiata a doppio senso;Bagnato (pioggia);Asfaltata;Verticale ed orizzontale;Pioggia in atto;Scarso;Sufficiente;Ore Diurne;0;0;0;1;12.5202;41.8785;-1;1;Autovettura privata;In marcia / fermata / arresto;Conducente;M;Illeso;0;;Non accertato;Inesploso
4060730;8;28/10/2018 17:45:00;;VIALE DUILIO CAMBELLOTTI;da specificare;;;;SVINCOLO PER VIA CASILINA;Veicolo in marcia contro ostacolo accidentale;;;;;;;;;;0;0;0;1;;;0;1;Autovettura privata;In marcia / fermata / arresto;Conducente;M;Illeso;0;;Non accertato;Inesploso
4060735;5;27/10/2018 12:55:00;Strada Urbana;VIA DI PIETRALATA;da specificare;;;;ALTEZZA VIA MICHELOTTI;Tamponamento;Rettilineo;Una carreggiata a doppio senso;Asciutto;Asfaltata;Assente;Nuvoloso;Normale;Buona;Ore Diurne;0;0;0;5;12.5556;41.9152;-1;1;Autovettura privata;In marcia / fermata / arresto;Conducente;F;Illeso;0;;Non accertato;
4060735;5;27/10/2018 12:55:00;Strada Urbana;VIA DI PIETRALATA;da specificare;;;;ALTEZZA VIA MICHELOTTI;Tamponamento;Rettilineo;Una carreggiata a doppio senso;Asciutto;Asfaltata;Assente;Nuvoloso;Normale;Buona;Ore Diurne;0;0;0;5;12.5556;41.9152;-1;1;Autovettura privata;In marcia / fermata / arresto;Passeggero;F;Illeso;0;;Non accertato;
4060735;5;27/10/2018 12:55:00;Strada Urbana;VIA DI PIETRALATA;da specificare;;;;ALTEZZA VIA MICHELOTTI;Tamponamento;Rettilineo;Una carreggiata a doppio senso;Asciutto;Asfaltata;Assente;Nuvoloso;Normale;Buona;Ore Diurne;0;0;0;5;12.5556;41.9152;-1;1;Autovettura privata;In marcia / fermata / arresto;Passeggero;F;Illeso;0;;Non accertato;
4060735;5;27/10/2018 12:55:00;Strada Urbana;VIA DI PIETRALATA;da specificare;;;;ALTEZZA VIA MICHELOTTI;Tamponamento;Rettilineo;Una carreggiata a doppio senso;Asciutto;Asfaltata;Assente;Nuvoloso;Normale;Buona;Ore Diurne;0;0;0;5;12.5556;41.9152;-1;2;Autovettura privata;In marcia / fermata / arresto;Conducente;F;Illeso;0;;Non accertato;
4060735;5;27/10/2018 12:55:00;Strada Urbana;VIA DI PIETRALATA;da specificare;;;;ALTEZZA VIA MICHELOTTI;Tamponamento;Rettilineo;Una carreggiata a doppio senso;Asciutto;Asfaltata;Assente;Nuvoloso;Normale;Buona;Ore Diurne;0;0;0;5;12.5556;41.9152;-1;2;Autovettura privata;In marcia / fermata / arresto;Passeggero;M;Illeso;0;;Non accertato;
4060742;8;28/10/2018 11:00:00;Strada Urbana;VIA CALTAGIRONE;in corrispondenza;;del civico n.;460;;Veicolo in marcia contro veicolo fermo;Rettilineo;Una carreggiata a senso unico di marcia;Bagnato (pioggia);Asfaltata;Verticale ed orizzontale;Pioggia in atto;Normale;Buona;Ore Diurne;0;0;0;1;12.6532;41.9116;-1;1;Autovettura privata;In marcia / fermata / arresto;Conducente;M;Illeso;0;;Non accertato;Inesploso
4060743;8;28/10/2018 12:20:00;Strada Urbana;VIA CAPO BONIFATI;in corrispondenza;;del palo luce n.;10;;Fuoriuscita dalla sede stradale;;Una carreggiata a senso unico di marcia;Bagnato (umidità in atto);Asfaltata;Verticale ed orizzontale;Foschia;;;;0;0;0;1;;;0;1;Autovettura privata;In marcia / fermata / arresto;Conducente;F;Illeso;0;;Non accertato;Inesploso
4060750;8;28/10/2018 11:45:00;;VIA DI TOR BELLA MONACA;da specificare;;;;altezza benzinaio Total G.R.A.;Scontro laterale fra veicoli in marcia;;;;;;;;;;0;0;0;2;;;0;1;Autovettura privata;In marcia / fermata / arresto;Conducente;M;Illeso;0;;;
4060750;8;28/10/2018 11:45:00;;VIA DI TOR BELLA MONACA;da specificare;;;;altezza benzinaio Total G.R.A.;Scontro laterale fra veicoli in marcia;;;;;;;;;;0;0;0;2;;;0;2;Autovettura privata;In marcia / fermata / arresto;Conducente;M;Illeso;0;;;
4060762;5;26/10/2018 21:15:00;Strada Urbana;VIA TIBURTINA;all'intersezione con;VIA ELENA BRANDIZZI GIANNI;VIA ELENA BRANDIZZI GIANNI;;;Tamponamento;Intersezione non regolata/non segnalata;Due carreggiate;Asciutto;Asfaltata;Verticale ed orizzontale;Sereno;Normale;Buona;Sufficiente;1;0;0;1;12.5792;41.9315;-1;1;Autovettura privata;In marcia / fermata / arresto;Conducente;F;Illeso;0;;Non accertato;
4060762;5;26/10/2018 21:15:00;Strada Urbana;VIA TIBURTINA;all'intersezione con;VIA ELENA BRANDIZZI GIANNI;VIA ELENA BRANDIZZI GIANNI;;;Tamponamento;Intersezione non regolata/non segnalata;Due carreggiate;Asciutto;Asfaltata;Verticale ed orizzontale;Sereno;Normale;Buona;Sufficiente;1;0;0;1;12.5792;41.9315;-1;2;Motociclo a solo;In marcia / fermata / arresto;Conducente;M;Rimandato;0;NON DECEDUTO;Non accertato;
4060767;1;27/10/2018 09:40:00;Strada Urbana;PIAZZA VENEZIA;all'intersezione con;VIA DEL CORSO;VIA DEL CORSO;;;Scontro frontale/laterale SX fra veicoli in marcia;Rotatoria;Una carreggiata a senso unico di marcia;Asciutto;In cubetti di porfido;Verticale ed orizzontale;Sereno;Normale;Buona;Ore Diurne;0;0;0;3;12.4826;41.8958;-1;1;Autovettura privata;In marcia / fermata / arresto;Conducente;M;Illeso;0;;Non accertato;Inesploso
4060767;1;27/10/2018 09:40:00;Strada Urbana;PIAZZA VENEZIA;all'intersezione con;VIA DEL CORSO;VIA DEL CORSO;;;Scontro frontale/laterale SX fra veicoli in marcia;Rotatoria;Una carreggiata a senso unico di marcia;Asciutto;In cubetti di porfido;Verticale ed orizzontale;Sereno;Normale;Buona;Ore Diurne;0;0;0;3;12.4826;41.8958;-1;2;Altro;In marcia / fermata / arresto;Conducente;M;Illeso;0;;Non accertato;Inesploso
4060767;1;27/10/2018 09:40:00;Strada Urbana;PIAZZA VENEZIA;all'intersezione con;VIA DEL CORSO;VIA DEL CORSO;;;Scontro frontale/laterale SX fra veicoli in marcia;Rotatoria;Una carreggiata a senso unico di marcia;Asciutto;In cubetti di porfido;Verticale ed orizzontale;Sereno;Normale;Buona;Ore Diurne;0;0;0;3;12.4826;41.8958;-1;2;Altro;In marcia / fermata / arresto;Passeggero;M;Illeso;0;;Non accertato;Inesploso
4060770;9;28/10/2018 18:05:00;Strada Urbana;VIA ALFREDO BACCARINI;in corrispondenza;;del civico n.;7;;Veicolo in marcia contro veicolo arresto;Rettilineo;Una carreggiata a doppio senso;Bagnato (pioggia);Asfaltata;Orizzontale;Nuvoloso;Scarso;Sufficiente;Sufficiente;0;0;0;3;12.5166;41.8758;-1;1;Autovettura privata;In marcia / fermata / arresto;Conducente;M;Illeso;0;;Non accertato;Inesploso
4060770;9;28/10/2018 18:05:00;Strada Urbana;VIA ALFREDO BACCARINI;in corrispondenza;;del civico n.;7;;Veicolo in marcia contro veicolo arresto;Rettilineo;Una carreggiata a doppio senso;Bagnato (pioggia);Asfaltata;Orizzontale;Nuvoloso;Scarso;Sufficiente;Sufficiente;0;0;0;3;12.5166;41.8758;-1;2;Autovettura privata;In marcia / fermata / arresto;Conducente;M;Illeso;0;;Non accertato;Inesploso
4060770;9;28/10/2018 18:05:00;Strada Urbana;VIA ALFREDO BACCARINI;in corrispondenza;;del civico n.;7;;Veicolo in marcia contro veicolo arresto;Rettilineo;Una carreggiata a doppio senso;Bagnato (pioggia);Asfaltata;Orizzontale;Nuvoloso;Scarso;Sufficiente;Sufficiente;0;0;0;3;12.5166;41.8758;-1;2;Autovettura privata;In marcia / fermata / arresto;Passeggero;F;Illeso;0;;Non accertato;Inesploso
4060787;5;27/10/2018 22:55:00;Strada Urbana;VIALE PALMIRO TOGLIATTI;all'intersezione con;VIALE ETTORE FRANCESCHINI;VIALE ETTORE FRANCESCHINI;;;Tamponamento;Incrocio;Due carreggiate;Bagnato (umidità in atto);Asfaltata;Verticale ed orizzontale;Nuvoloso;Normale;Buona;Sufficiente;0;0;0;1;12.5724;41.9107;-1;1;Autovettura privata;In marcia / fermata / arresto;Conducente;M;Illeso;0;;Non accertato;Inesploso
4060801;5;28/10/2018 09:40:00;Strada Urbana;VIA DI CASAL DEI PAZZI;in corrispondenza;;del civico n.;94;;Tamponamento;Rettilineo;Due carreggiate;Bagnato (pioggia);Asfaltata;Verticale ed orizzontale;Pioggia in atto;Scarso;Buona;Ore Diurne;0;0;0;4;12.5681;41.9288;-1;1;Autovettura privata;In marcia / fermata / arresto;Conducente;M;Illeso;0;;Non accertato;Inesploso
4060801;5;28/10/2018 09:40:00;Strada Urbana;VIA DI CASAL DEI PAZZI;in corrispondenza;;del civico n.;94;;Tamponamento;Rettilineo;Due carreggiate;Bagnato (pioggia);Asfaltata;Verticale ed orizzontale;Pioggia in atto;Scarso;Buona;Ore Diurne;0;0;0;4;12.5681;41.9288;-1;1;Autovettura privata;In marcia / fermata / arresto;Passeggero;F;Illeso;0;;Non accertato;Inesploso
4060801;5;28/10/2018 09:40:00;Strada Urbana;VIA DI CASAL DEI PAZZI;in corrispondenza;;del civico n.;94;;Tamponamento;Rettilineo;Due carreggiate;Bagnato (pioggia);Asfaltata;Verticale ed orizzontale;Pioggia in atto;Scarso;Buona;Ore Diurne;0;0;0;4;12.5681;41.9288;-1;2;Autovettura privata;In marcia / fermata / arresto;Conducente;M;Illeso;0;;Non accertato;Inesploso
4060801;5;28/10/2018 09:40:00;Strada Urbana;VIA DI CASAL DEI PAZZI;in corrispondenza;;del civico n.;94;;Tamponamento;Rettilineo;Due carreggiate;Bagnato (pioggia);Asfaltata;Verticale ed orizzontale;Pioggia in atto;Scarso;Buona;Ore Diurne;0;0;0;4;12.5681;41.9288;-1;2;Autovettura privata;In marcia / fermata / arresto;Passeggero;F;Illeso;0;;Non accertato;Inesploso
4060817;1;27/10/2018 11:20:00;Strada Urbana;LUNGOTEVERE TOR DI NONA;in prossimità;;del civico n.;3;;Veicolo in marcia contro ostacolo accidentale;Rettilineo;Una carreggiata a senso unico di marcia;Asciutto;Asfaltata;Verticale ed orizzontale;Vento forte;Normale;Buona;Ore Diurne;0;0;0;1;;;0;1;Autovettura privata;In marcia / fermata / arresto;Conducente;M;Illeso;0;;Non accertato;Inesploso
4060820;2;26/10/2018 18:45:00;Strada Urbana;VIALE PARIOLI;in prossimità;;del civico n.;62;;Scontro frontale/laterale SX fra veicoli in marcia;Rettilineo;Una carreggiata a doppio senso;Asciutto;Asfaltata;Verticale ed orizzontale;Sereno;Normale;Buona;Sufficiente;1;0;0;1;12.4884;41.9255;-1;1;Autovettura privata;In marcia / fermata / arresto;Conducente;F;Illeso;0;;;
4060820;2;26/10/2018 18:45:00;Strada Urbana;VIALE PARIOLI;in prossimità;;del civico n.;62;;Scontro frontale/laterale SX fra veicoli in marcia;Rettilineo;Una carreggiata a doppio senso;Asciutto;Asfaltata;Verticale ed orizzontale;Sereno;Normale;Buona;Sufficiente;1;0;0;1;12.4884;41.9255;-1;2;Motociclo a solo;In marcia / fermata / arresto;Conducente;M;Rimandato;0;NON DECEDUTO;;
4060834;13;28/10/2018 23:30:00;Strada Urbana;VIA FEDERICO PAOLINI;all'intersezione con;VIALE DEI PROMONTORI;VIALE DEI PROMONTORI;;;Scontro frontale/laterale SX fra veicoli in marcia;Incrocio;Due carreggiate;Bagnato (pioggia);Asfaltata;Orizzontale;Nuvoloso;Scarso;Sufficiente;Sufficiente;0;0;0;3;12.2909;41.7377;-1;1;Autovettura privata;In marcia / fermata / arresto;Conducente;M;Illeso;0;;Non accertato;Inesploso
4060834;13;28/10/2018 23:30:00;Strada Urbana;VIA FEDERICO PAOLINI;all'intersezione con;VIALE DEI PROMONTORI;VIALE DEI PROMONTORI;;;Scontro frontale/laterale SX fra veicoli in marcia;Incrocio;Due carreggiate;Bagnato (pioggia);Asfaltata;Orizzontale;Nuvoloso;Scarso;Sufficiente;Sufficiente;0;0;0;3;12.2909;41.7377;-1;2;Autovettura privata;In marcia / fermata / arresto;Conducente;M;Illeso;0;;Non accertato;Inesploso
4060834;13;28/10/2018 23:30:00;Strada Urbana;VIA FEDERICO PAOLINI;all'intersezione con;VIALE DEI PROMONTORI;VIALE DEI PROMONTORI;;;Scontro frontale/laterale SX fra veicoli in marcia;Incrocio;Due carreggiate;Bagnato (pioggia);Asfaltata;Orizzontale;Nuvoloso;Scarso;Sufficiente;Sufficiente;0;0;0;3;12.2909;41.7377;-1;2;Autovettura privata;In marcia / fermata / arresto;Passeggero;M;Illeso;0;;Non accertato;
4060845;5;28/10/2018 15:30:00;Strada Urbana;VIALE MARX;in corrispondenza;;del civico n.;70;;Scontro laterale fra veicoli in marcia;Rettilineo;Una carreggiata a doppio senso;Bagnato (pioggia);Asfaltata;Verticale ed orizzontale;Pioggia in atto;Scarso;Buona;Ore Diurne;5;0;0;2;12.5569;41.9363;-1;1;Autovettura privata;In marcia / fermata / arresto;Conducente;F;Rimandato;0;NON DECEDUTO;Non accertato;
4060845;5;28/10/2018 15:30:00;Strada Urbana;VIALE MARX;in corrispondenza;;del civico n.;70;;Scontro laterale fra veicoli in marcia;Rettilineo;Una carreggiata a doppio senso;Bagnato (pioggia);Asfaltata;Verticale ed orizzontale;Pioggia in atto;Scarso;Buona;Ore Diurne;5;0;0;2;12.5569;41.9363;-1;2;Autovettura privata;In marcia / fermata / arresto;Conducente;M;Illeso;0;;Non accertato;
4060845;5;28/10/2018 15:30:00;Strada Urbana;VIALE MARX;in corrispondenza;;del civico n.;70;;Scontro laterale fra veicoli in marcia;Rettilineo;Una carreggiata a doppio senso;Bagnato (pioggia);Asfaltata;Verticale ed orizzontale;Pioggia in atto;Scarso;Buona;Ore Diurne;5;0;0;2;12.5569;41.9363;-1;2;Autovettura privata;In marcia / fermata / arresto;Passeggero;F;Rimandato;0;NON DECEDUTO;Non accertato;
4060845;5;28/10/2018 15:30:00;Strada Urbana;VIALE MARX;in corrispondenza;;del civico n.;70;;Scontro laterale fra veicoli in marcia;Rettilineo;Una carreggiata a doppio senso;Bagnato (pioggia);Asfaltata;Verticale ed orizzontale;Pioggia in atto;Scarso;Buona;Ore Diurne;5;0;0;2;12.5569;41.9363;-1;2;Autovettura privata;In marcia / fermata / arresto;Passeggero;M;Rimandato;0;NON DECEDUTO;Non accertato;
4060845;5;28/10/2018 15:30:00;Strada Urbana;VIALE MARX;in corrispondenza;;del civico n.;70;;Scontro laterale fra veicoli in marcia;Rettilineo;Una carreggiata a doppio senso;Bagnato (pioggia);Asfaltata;Verticale ed orizzontale;Pioggia in atto;Scarso;Buona;Ore Diurne;5;0;0;2;12.5569;41.9363;-1;2;Autovettura privata;In marcia / fermata / arresto;Passeggero;M;Rimandato;0;NON DECEDUTO;Non accertato;